{"summaries":[{"symbol":{"__symbol":0},"metadata":{"__symbolic":"class"},"type":{"summaryKind":1,"type":{"reference":{"__symbol":0},"diDeps":[],"lifecycleHooks":[0]},"isComponent":true,"selector":"create-session","inputs":{},"outputs":{"saveNewSession":"saveNewSession","cancelAddSession":"cancelAddSession"},"hostListeners":{},"hostProperties":{},"hostAttributes":{},"providers":[],"viewProviders":[],"queries":[],"entryComponents":[],"changeDetection":1,"template":{"animations":[],"ngContentSelectors":[],"encapsulation":0}}}],"symbols":[{"__symbol":0,"name":"CreateSessionComponent","filePath":"C:/Mohan/Angular-2/ng2-fundamentals-AOT/app/events/event-details/create-session.component.d.ts"}]}