{"summaries":[{"symbol":{"__symbol":0},"metadata":{"__symbolic":"class"},"type":{"summaryKind":1,"type":{"reference":{"__symbol":0},"diDeps":[{"isAttribute":false,"isHost":false,"isSelf":false,"isSkipSelf":false,"isOptional":false,"token":{"identifier":{"reference":{"__symbol":1}}}},{"isAttribute":false,"isHost":false,"isSelf":false,"isSkipSelf":false,"isOptional":false,"token":{"identifier":{"reference":{"__symbol":2}}}}],"lifecycleHooks":[0]},"isComponent":true,"selector":"ng-component","inputs":{},"outputs":{},"hostListeners":{},"hostProperties":{},"hostAttributes":{},"providers":[],"viewProviders":[],"queries":[],"entryComponents":[],"changeDetection":1,"template":{"animations":[],"ngContentSelectors":[],"encapsulation":0}}}],"symbols":[{"__symbol":0,"name":"EventDetailsComponent","filePath":"C:/Mohan/Angular-2/ng2-fundamentals-AOT/app/events/event-details/event-details.component.d.ts"},{"__symbol":1,"name":"EventService","filePath":"C:/Mohan/Angular-2/ng2-fundamentals-AOT/app/events/shared/event.service.d.ts"},{"__symbol":2,"name":"ActivatedRoute","filePath":"C:/Mohan/Angular-2/ng2-fundamentals-AOT/node_modules/@angular/router/src/router_state.d.ts"}]}