{"summaries":[{"symbol":{"__symbol":0},"metadata":{"__symbol":1}},{"symbol":{"__symbol":2},"metadata":{"__symbol":3}},{"symbol":{"__symbol":4},"metadata":{"__symbol":5}},{"symbol":{"__symbol":6},"metadata":{"__symbol":7}},{"symbol":{"__symbol":8},"metadata":{"__symbol":9}}],"symbols":[{"__symbol":0,"name":"EventDetailsComponent","filePath":"C:/Mohan/Angular-2/ng2-fundamentals-AOT/app/events/event-details/index.d.ts"},{"__symbol":1,"name":"EventDetailsComponent","filePath":"C:/Mohan/Angular-2/ng2-fundamentals-AOT/app/events/event-details/event-details.component.d.ts"},{"__symbol":2,"name":"CreateSessionComponent","filePath":"C:/Mohan/Angular-2/ng2-fundamentals-AOT/app/events/event-details/index.d.ts"},{"__symbol":3,"name":"CreateSessionComponent","filePath":"C:/Mohan/Angular-2/ng2-fundamentals-AOT/app/events/event-details/create-session.component.d.ts"},{"__symbol":4,"name":"SessionListComponent","filePath":"C:/Mohan/Angular-2/ng2-fundamentals-AOT/app/events/event-details/index.d.ts"},{"__symbol":5,"name":"SessionListComponent","filePath":"C:/Mohan/Angular-2/ng2-fundamentals-AOT/app/events/event-details/session-list.component.d.ts"},{"__symbol":6,"name":"UpvoteComponent","filePath":"C:/Mohan/Angular-2/ng2-fundamentals-AOT/app/events/event-details/index.d.ts"},{"__symbol":7,"name":"UpvoteComponent","filePath":"C:/Mohan/Angular-2/ng2-fundamentals-AOT/app/events/event-details/upvote.component.d.ts"},{"__symbol":8,"name":"VoterService","filePath":"C:/Mohan/Angular-2/ng2-fundamentals-AOT/app/events/event-details/index.d.ts"},{"__symbol":9,"name":"VoterService","filePath":"C:/Mohan/Angular-2/ng2-fundamentals-AOT/app/events/event-details/voter.service.d.ts"}]}