{"summaries":[{"symbol":{"__symbol":0},"metadata":{"__symbolic":"class"},"type":{"summaryKind":1,"type":{"reference":{"__symbol":0},"diDeps":[{"isAttribute":false,"isHost":false,"isSelf":false,"isSkipSelf":false,"isOptional":false,"token":{"identifier":{"reference":{"__symbol":1}}}},{"isAttribute":false,"isHost":false,"isSelf":false,"isSkipSelf":false,"isOptional":false,"token":{"identifier":{"reference":{"__symbol":2}}}}],"lifecycleHooks":[3]},"isComponent":true,"selector":"session-list","inputs":{"sessions":"sessions","filterBy":"filterBy","sortBy":"sortBy","eventId":"eventId"},"outputs":{},"hostListeners":{},"hostProperties":{},"hostAttributes":{},"providers":[],"viewProviders":[],"queries":[],"entryComponents":[],"changeDetection":1,"template":{"animations":[],"ngContentSelectors":[],"encapsulation":2}}}],"symbols":[{"__symbol":0,"name":"SessionListComponent","filePath":"C:/Mohan/Angular-2/ng2-fundamentals-AOT/app/events/event-details/session-list.component.d.ts"},{"__symbol":1,"name":"AuthService","filePath":"C:/Mohan/Angular-2/ng2-fundamentals-AOT/app/user/auth.service.d.ts"},{"__symbol":2,"name":"VoterService","filePath":"C:/Mohan/Angular-2/ng2-fundamentals-AOT/app/events/event-details/voter.service.d.ts"}]}