{"summaries":[{"symbol":{"__symbol":0},"metadata":{"__symbolic":"class"},"type":{"summaryKind":1,"type":{"reference":{"__symbol":0},"diDeps":[],"lifecycleHooks":[]},"isComponent":true,"selector":"upvote","inputs":{"count":"count","voted":"voted"},"outputs":{"vote":"vote"},"hostListeners":{},"hostProperties":{},"hostAttributes":{},"providers":[],"viewProviders":[],"queries":[],"entryComponents":[],"changeDetection":1,"template":{"animations":[],"ngContentSelectors":[],"encapsulation":0}}}],"symbols":[{"__symbol":0,"name":"UpvoteComponent","filePath":"C:/Mohan/Angular-2/ng2-fundamentals-AOT/app/events/event-details/upvote.component.d.ts"}]}