{"summaries":[{"symbol":{"__symbol":0},"metadata":{"__symbolic":"class"},"type":{"summaryKind":3,"type":{"reference":{"__symbol":0},"diDeps":[{"isAttribute":false,"isHost":false,"isSelf":false,"isSkipSelf":false,"isOptional":false,"token":{"identifier":{"reference":{"__symbol":1}}}}],"lifecycleHooks":[]}}}],"symbols":[{"__symbol":0,"name":"AuthService","filePath":"C:/Mohan/Angular-2/ng2-fundamentals-AOT/app/user/auth.service.d.ts"},{"__symbol":1,"name":"Http","filePath":"C:/Mohan/Angular-2/ng2-fundamentals-AOT/node_modules/@angular/http/src/http.d.ts"}]}