{"summaries":[{"symbol":{"__symbol":0},"metadata":{"__symbolic":"class"},"type":{"summaryKind":1,"type":{"reference":{"__symbol":0},"diDeps":[],"lifecycleHooks":[]},"isComponent":true,"selector":"event-thumbnail","inputs":{"event":"event"},"outputs":{},"hostListeners":{},"hostProperties":{},"hostAttributes":{},"providers":[],"viewProviders":[],"queries":[],"entryComponents":[],"changeDetection":1,"template":{"animations":[],"ngContentSelectors":[],"encapsulation":0}}}],"symbols":[{"__symbol":0,"name":"EventThumbnailComponent","filePath":"C:/Mohan/Angular-2/ng2-fundamentals-AOT/app/events/event-thumbnail.component.d.ts"}]}