{"summaries":[{"symbol":{"__symbol":0},"metadata":{"__symbolic":"class"},"type":{"summaryKind":3,"type":{"reference":{"__symbol":0},"diDeps":[{"isAttribute":false,"isHost":false,"isSelf":false,"isSkipSelf":false,"isOptional":false,"token":{"identifier":{"reference":{"__symbol":1}}}}],"lifecycleHooks":[]}}}],"symbols":[{"__symbol":0,"name":"EventListResolver","filePath":"C:/Mohan/Angular-2/ng2-fundamentals-AOT/app/events/events-list-resolver.service.d.ts"},{"__symbol":1,"name":"EventService","filePath":"C:/Mohan/Angular-2/ng2-fundamentals-AOT/app/events/shared/event.service.d.ts"}]}