{"summaries":[{"symbol":{"__symbol":0},"metadata":{"__symbol":1}},{"symbol":{"__symbol":2},"metadata":{"__symbol":3}},{"symbol":{"__symbol":4},"metadata":{"__symbol":5}},{"symbol":{"__symbol":6},"metadata":{"__symbol":7}},{"symbol":{"__symbol":8},"metadata":{"__symbol":9}},{"symbol":{"__symbol":10},"metadata":{"__symbol":11}},{"symbol":{"__symbol":12},"metadata":{"__symbol":13}},{"symbol":{"__symbol":14},"metadata":{"__symbol":15}},{"symbol":{"__symbol":16},"metadata":{"__symbol":17}},{"symbol":{"__symbol":18},"metadata":{"__symbol":19}},{"symbol":{"__symbol":20},"metadata":{"__symbol":21}},{"symbol":{"__symbol":22},"metadata":{"__symbol":23}},{"symbol":{"__symbol":24},"metadata":{"__symbol":25}},{"symbol":{"__symbol":26},"metadata":{"__symbol":27}}],"symbols":[{"__symbol":0,"name":"CreateComponentEvent","filePath":"C:/Mohan/Angular-2/ng2-fundamentals-AOT/app/events/index.d.ts"},{"__symbol":1,"name":"CreateComponentEvent","filePath":"C:/Mohan/Angular-2/ng2-fundamentals-AOT/app/events/create-event.component.d.ts"},{"__symbol":2,"name":"EventThumbnailComponent","filePath":"C:/Mohan/Angular-2/ng2-fundamentals-AOT/app/events/index.d.ts"},{"__symbol":3,"name":"EventThumbnailComponent","filePath":"C:/Mohan/Angular-2/ng2-fundamentals-AOT/app/events/event-thumbnail.component.d.ts"},{"__symbol":4,"name":"EventListComponent","filePath":"C:/Mohan/Angular-2/ng2-fundamentals-AOT/app/events/index.d.ts"},{"__symbol":5,"name":"EventListComponent","filePath":"C:/Mohan/Angular-2/ng2-fundamentals-AOT/app/events/events-list.component.d.ts"},{"__symbol":6,"name":"EventListResolver","filePath":"C:/Mohan/Angular-2/ng2-fundamentals-AOT/app/events/index.d.ts"},{"__symbol":7,"name":"EventListResolver","filePath":"C:/Mohan/Angular-2/ng2-fundamentals-AOT/app/events/events-list-resolver.service.d.ts"},{"__symbol":8,"name":"EventService","filePath":"C:/Mohan/Angular-2/ng2-fundamentals-AOT/app/events/index.d.ts"},{"__symbol":9,"name":"EventService","filePath":"C:/Mohan/Angular-2/ng2-fundamentals-AOT/app/events/shared/index.d.ts"},{"__symbol":10,"name":"restrictedWords","filePath":"C:/Mohan/Angular-2/ng2-fundamentals-AOT/app/events/index.d.ts"},{"__symbol":11,"name":"restrictedWords","filePath":"C:/Mohan/Angular-2/ng2-fundamentals-AOT/app/events/shared/index.d.ts"},{"__symbol":12,"name":"DurationPipe","filePath":"C:/Mohan/Angular-2/ng2-fundamentals-AOT/app/events/index.d.ts"},{"__symbol":13,"name":"DurationPipe","filePath":"C:/Mohan/Angular-2/ng2-fundamentals-AOT/app/events/shared/index.d.ts"},{"__symbol":14,"name":"EventDetailsComponent","filePath":"C:/Mohan/Angular-2/ng2-fundamentals-AOT/app/events/index.d.ts"},{"__symbol":15,"name":"EventDetailsComponent","filePath":"C:/Mohan/Angular-2/ng2-fundamentals-AOT/app/events/event-details/index.d.ts"},{"__symbol":16,"name":"CreateSessionComponent","filePath":"C:/Mohan/Angular-2/ng2-fundamentals-AOT/app/events/index.d.ts"},{"__symbol":17,"name":"CreateSessionComponent","filePath":"C:/Mohan/Angular-2/ng2-fundamentals-AOT/app/events/event-details/index.d.ts"},{"__symbol":18,"name":"SessionListComponent","filePath":"C:/Mohan/Angular-2/ng2-fundamentals-AOT/app/events/index.d.ts"},{"__symbol":19,"name":"SessionListComponent","filePath":"C:/Mohan/Angular-2/ng2-fundamentals-AOT/app/events/event-details/index.d.ts"},{"__symbol":20,"name":"UpvoteComponent","filePath":"C:/Mohan/Angular-2/ng2-fundamentals-AOT/app/events/index.d.ts"},{"__symbol":21,"name":"UpvoteComponent","filePath":"C:/Mohan/Angular-2/ng2-fundamentals-AOT/app/events/event-details/index.d.ts"},{"__symbol":22,"name":"VoterService","filePath":"C:/Mohan/Angular-2/ng2-fundamentals-AOT/app/events/index.d.ts"},{"__symbol":23,"name":"VoterService","filePath":"C:/Mohan/Angular-2/ng2-fundamentals-AOT/app/events/event-details/index.d.ts"},{"__symbol":24,"name":"LocationValidator","filePath":"C:/Mohan/Angular-2/ng2-fundamentals-AOT/app/events/index.d.ts"},{"__symbol":25,"name":"LocationValidator","filePath":"C:/Mohan/Angular-2/ng2-fundamentals-AOT/app/events/location-validator.directive.d.ts"},{"__symbol":26,"name":"EventResolver","filePath":"C:/Mohan/Angular-2/ng2-fundamentals-AOT/app/events/index.d.ts"},{"__symbol":27,"name":"EventResolver","filePath":"C:/Mohan/Angular-2/ng2-fundamentals-AOT/app/events/event.resolver.service.d.ts"}]}