{"summaries":[{"symbol":{"__symbol":0},"metadata":{"__symbolic":"class"},"type":{"summaryKind":1,"type":{"reference":{"__symbol":0},"diDeps":[],"lifecycleHooks":[]},"isComponent":false,"selector":"[validateLocation]","inputs":{},"outputs":{},"hostListeners":{},"hostProperties":{},"hostAttributes":{},"providers":[{"token":{"identifier":{"reference":{"__symbol":1}}},"useClass":null,"useFactory":null,"useExisting":{"identifier":{"reference":{"__symbol":0}}},"multi":true}],"viewProviders":[],"queries":[],"entryComponents":[],"changeDetection":null,"template":null}}],"symbols":[{"__symbol":0,"name":"LocationValidator","filePath":"C:/Mohan/Angular-2/ng2-fundamentals-AOT/app/events/location-validator.directive.d.ts"},{"__symbol":1,"name":"NG_VALIDATORS","filePath":"C:/Mohan/Angular-2/ng2-fundamentals-AOT/node_modules/@angular/forms/src/validators.d.ts"}]}