{"summaries":[{"symbol":{"__symbol":0},"metadata":{"__symbolic":"class"},"type":{"summaryKind":1,"type":{"reference":{"__symbol":0},"diDeps":[],"lifecycleHooks":[]},"isComponent":true,"selector":"collapsible-well","inputs":{},"outputs":{},"hostListeners":{},"hostProperties":{},"hostAttributes":{},"providers":[],"viewProviders":[],"queries":[],"entryComponents":[],"changeDetection":1,"template":{"animations":[],"ngContentSelectors":["[well-title]","[well-body]"],"encapsulation":2}}}],"symbols":[{"__symbol":0,"name":"CollapsibleWellComponent","filePath":"C:/Mohan/Angular-2/ng2-fundamentals-AOT/app/common/collapsible-well.component.d.ts"}]}