{"summaries":[{"symbol":{"__symbol":0},"metadata":{"__symbol":1}},{"symbol":{"__symbol":2},"metadata":{"__symbol":3}},{"symbol":{"__symbol":4},"metadata":{"__symbol":5}},{"symbol":{"__symbol":6},"metadata":{"__symbol":7}},{"symbol":{"__symbol":8},"metadata":{"__symbol":9}}],"symbols":[{"__symbol":0,"name":"JQ_TOKEN","filePath":"C:/Mohan/Angular-2/ng2-fundamentals-AOT/app/common/index.d.ts"},{"__symbol":1,"name":"JQ_TOKEN","filePath":"C:/Mohan/Angular-2/ng2-fundamentals-AOT/app/common/jQuery.service.d.ts"},{"__symbol":2,"name":"TOASTR_TOKEN","filePath":"C:/Mohan/Angular-2/ng2-fundamentals-AOT/app/common/index.d.ts"},{"__symbol":3,"name":"TOASTR_TOKEN","filePath":"C:/Mohan/Angular-2/ng2-fundamentals-AOT/app/common/toastr.service.d.ts"},{"__symbol":4,"name":"CollapsibleWellComponent","filePath":"C:/Mohan/Angular-2/ng2-fundamentals-AOT/app/common/index.d.ts"},{"__symbol":5,"name":"CollapsibleWellComponent","filePath":"C:/Mohan/Angular-2/ng2-fundamentals-AOT/app/common/collapsible-well.component.d.ts"},{"__symbol":6,"name":"SimpleModalComponent","filePath":"C:/Mohan/Angular-2/ng2-fundamentals-AOT/app/common/index.d.ts"},{"__symbol":7,"name":"SimpleModalComponent","filePath":"C:/Mohan/Angular-2/ng2-fundamentals-AOT/app/common/simple-modal.component.d.ts"},{"__symbol":8,"name":"ModalTriggerDirective","filePath":"C:/Mohan/Angular-2/ng2-fundamentals-AOT/app/common/index.d.ts"},{"__symbol":9,"name":"ModalTriggerDirective","filePath":"C:/Mohan/Angular-2/ng2-fundamentals-AOT/app/common/modal-trigger.directive.d.ts"}]}