{"summaries":[{"symbol":{"__symbol":0},"metadata":{"__symbolic":"class"},"type":{"summaryKind":1,"type":{"reference":{"__symbol":0},"diDeps":[{"isAttribute":false,"isHost":false,"isSelf":false,"isSkipSelf":false,"isOptional":false,"token":{"identifier":{"reference":{"__symbol":1}}}},{"isAttribute":false,"isHost":false,"isSelf":false,"isSkipSelf":false,"isOptional":false,"token":{"identifier":{"reference":{"__symbol":2}}}}],"lifecycleHooks":[0]},"isComponent":false,"selector":"[modal-trigger]","inputs":{"modalId":"modal-trigger"},"outputs":{},"hostListeners":{},"hostProperties":{},"hostAttributes":{},"providers":[],"viewProviders":[],"queries":[],"entryComponents":[],"changeDetection":null,"template":null}}],"symbols":[{"__symbol":0,"name":"ModalTriggerDirective","filePath":"C:/Mohan/Angular-2/ng2-fundamentals-AOT/app/common/modal-trigger.directive.d.ts"},{"__symbol":1,"name":"ElementRef","filePath":"C:/Mohan/Angular-2/ng2-fundamentals-AOT/node_modules/@angular/core/src/linker/element_ref.d.ts"},{"__symbol":2,"name":"JQ_TOKEN","filePath":"C:/Mohan/Angular-2/ng2-fundamentals-AOT/app/common/jQuery.service.d.ts"}]}