{"summaries":[{"symbol":{"__symbol":0},"metadata":{"__symbolic":"class"},"type":{"summaryKind":1,"type":{"reference":{"__symbol":0},"diDeps":[{"isAttribute":false,"isHost":false,"isSelf":false,"isSkipSelf":false,"isOptional":false,"token":{"identifier":{"reference":{"__symbol":1}}}}],"lifecycleHooks":[]},"isComponent":true,"selector":"simple-modal","inputs":{"title":"title","elementId":"elementId","closeOnBodyClick":"closeOnBodyClick"},"outputs":{},"hostListeners":{},"hostProperties":{},"hostAttributes":{},"providers":[],"viewProviders":[],"queries":[],"entryComponents":[],"changeDetection":1,"template":{"animations":[],"ngContentSelectors":["*"],"encapsulation":0}}}],"symbols":[{"__symbol":0,"name":"SimpleModalComponent","filePath":"C:/Mohan/Angular-2/ng2-fundamentals-AOT/app/common/simple-modal.component.d.ts"},{"__symbol":1,"name":"JQ_TOKEN","filePath":"C:/Mohan/Angular-2/ng2-fundamentals-AOT/app/common/jQuery.service.d.ts"}]}