{"summaries":[{"symbol":{"__symbol":0},"metadata":{"__symbolic":"class"},"type":{"summaryKind":2,"type":{"reference":{"__symbol":0},"diDeps":[],"lifecycleHooks":[]},"entryComponents":[{"reference":{"__symbol":2}},{"reference":{"__symbol":3}},{"reference":{"__symbol":4}},{"reference":{"__symbol":5}},{"reference":{"__symbol":6}},{"reference":{"__symbol":7}}],"providers":[{"provider":{"token":{"identifier":{"reference":{"__symbol":8}}},"useClass":{"reference":{"__symbol":9},"diDeps":[{"isAttribute":false,"isHost":false,"isSelf":false,"isSkipSelf":false,"isOptional":false,"token":{"identifier":{"reference":{"__symbol":10}}}}],"lifecycleHooks":[]},"useFactory":null,"useExisting":null,"deps":[{"isAttribute":false,"isHost":false,"isSelf":false,"isSkipSelf":false,"isOptional":false,"token":{"identifier":{"reference":{"__symbol":10}}}}],"multi":false},"module":{"reference":{"__symbol":11},"diDeps":[],"lifecycleHooks":[]}},{"provider":{"token":{"identifier":{"reference":{"__symbol":12},"diDeps":[{"isAttribute":false,"isHost":false,"isSelf":false,"isSkipSelf":false,"isOptional":false,"token":{"identifier":{"reference":{"__symbol":13}}}},{"isAttribute":false,"isHost":false,"isSelf":false,"isSkipSelf":false,"isOptional":false,"token":{"identifier":{"reference":{"__symbol":14}}}},{"isAttribute":false,"isHost":false,"isSelf":false,"isSkipSelf":false,"isOptional":false,"token":{"identifier":{"reference":{"__symbol":15}}}},{"isAttribute":false,"isHost":false,"isSelf":false,"isSkipSelf":false,"isOptional":false,"token":{"identifier":{"reference":{"__symbol":16}}}},{"isAttribute":false,"isHost":false,"isSelf":false,"isSkipSelf":false,"isOptional":false,"token":{"identifier":{"reference":{"__symbol":17}}}},{"isAttribute":false,"isHost":false,"isSelf":false,"isSkipSelf":false,"isOptional":false,"token":{"identifier":{"reference":{"__symbol":18}}}},{"isAttribute":false,"isHost":false,"isSelf":false,"isSkipSelf":false,"isOptional":true,"token":{"identifier":{"reference":{"__symbol":19}}}},{"isAttribute":false,"isHost":false,"isSelf":false,"isSkipSelf":false,"isOptional":true,"token":{"identifier":{"reference":{"__symbol":20}}}}],"lifecycleHooks":[1]}},"useClass":{"reference":{"__symbol":12},"diDeps":[{"isAttribute":false,"isHost":false,"isSelf":false,"isSkipSelf":false,"isOptional":false,"token":{"identifier":{"reference":{"__symbol":13}}}},{"isAttribute":false,"isHost":false,"isSelf":false,"isSkipSelf":false,"isOptional":false,"token":{"identifier":{"reference":{"__symbol":14}}}},{"isAttribute":false,"isHost":false,"isSelf":false,"isSkipSelf":false,"isOptional":false,"token":{"identifier":{"reference":{"__symbol":15}}}},{"isAttribute":false,"isHost":false,"isSelf":false,"isSkipSelf":false,"isOptional":false,"token":{"identifier":{"reference":{"__symbol":16}}}},{"isAttribute":false,"isHost":false,"isSelf":false,"isSkipSelf":false,"isOptional":false,"token":{"identifier":{"reference":{"__symbol":17}}}},{"isAttribute":false,"isHost":false,"isSelf":false,"isSkipSelf":false,"isOptional":false,"token":{"identifier":{"reference":{"__symbol":18}}}},{"isAttribute":false,"isHost":false,"isSelf":false,"isSkipSelf":false,"isOptional":true,"token":{"identifier":{"reference":{"__symbol":19}}}},{"isAttribute":false,"isHost":false,"isSelf":false,"isSkipSelf":false,"isOptional":true,"token":{"identifier":{"reference":{"__symbol":20}}}}],"lifecycleHooks":[1]},"useFactory":null,"useExisting":null,"deps":[{"isAttribute":false,"isHost":false,"isSelf":false,"isSkipSelf":false,"isOptional":false,"token":{"identifier":{"reference":{"__symbol":13}}}},{"isAttribute":false,"isHost":false,"isSelf":false,"isSkipSelf":false,"isOptional":false,"token":{"identifier":{"reference":{"__symbol":14}}}},{"isAttribute":false,"isHost":false,"isSelf":false,"isSkipSelf":false,"isOptional":false,"token":{"identifier":{"reference":{"__symbol":15}}}},{"isAttribute":false,"isHost":false,"isSelf":false,"isSkipSelf":false,"isOptional":false,"token":{"identifier":{"reference":{"__symbol":16}}}},{"isAttribute":false,"isHost":false,"isSelf":false,"isSkipSelf":false,"isOptional":false,"token":{"identifier":{"reference":{"__symbol":17}}}},{"isAttribute":false,"isHost":false,"isSelf":false,"isSkipSelf":false,"isOptional":false,"token":{"identifier":{"reference":{"__symbol":18}}}},{"isAttribute":false,"isHost":false,"isSelf":false,"isSkipSelf":false,"isOptional":true,"token":{"identifier":{"reference":{"__symbol":19}}}},{"isAttribute":false,"isHost":false,"isSelf":false,"isSkipSelf":false,"isOptional":true,"token":{"identifier":{"reference":{"__symbol":20}}}}],"multi":false},"module":{"reference":{"__symbol":21},"diDeps":[],"lifecycleHooks":[]}},{"provider":{"token":{"identifier":{"reference":{"__symbol":22}}},"useClass":null,"useFactory":null,"useExisting":{"identifier":{"reference":{"__symbol":12}}},"multi":false},"module":{"reference":{"__symbol":21},"diDeps":[],"lifecycleHooks":[]}},{"provider":{"token":{"identifier":{"reference":{"__symbol":18},"diDeps":[{"isAttribute":false,"isHost":false,"isSelf":false,"isSkipSelf":false,"isOptional":true,"token":{"identifier":{"reference":{"__symbol":23}}}}],"lifecycleHooks":[]}},"useClass":{"reference":{"__symbol":18},"diDeps":[{"isAttribute":false,"isHost":false,"isSelf":false,"isSkipSelf":false,"isOptional":true,"token":{"identifier":{"reference":{"__symbol":23}}}}],"lifecycleHooks":[]},"useFactory":null,"useExisting":null,"deps":[{"isAttribute":false,"isHost":false,"isSelf":false,"isSkipSelf":false,"isOptional":true,"token":{"identifier":{"reference":{"__symbol":23}}}}],"multi":false},"module":{"reference":{"__symbol":21},"diDeps":[],"lifecycleHooks":[]}},{"provider":{"token":{"identifier":{"reference":{"__symbol":24},"diDeps":[],"lifecycleHooks":[]}},"useClass":{"reference":{"__symbol":24},"diDeps":[],"lifecycleHooks":[]},"useFactory":null,"useExisting":null,"deps":[],"multi":false},"module":{"reference":{"__symbol":21},"diDeps":[],"lifecycleHooks":[]}},{"provider":{"token":{"identifier":{"reference":{"__symbol":25}}},"useClass":null,"useFactory":{"reference":{"__symbol":26},"diDeps":[]},"useExisting":null,"deps":[],"multi":false},"module":{"reference":{"__symbol":21},"diDeps":[],"lifecycleHooks":[]}},{"provider":{"token":{"identifier":{"reference":{"__symbol":27},"diDeps":[{"isAttribute":false,"isHost":false,"isSelf":false,"isSkipSelf":false,"isOptional":false,"token":{"identifier":{"reference":{"__symbol":28}}}},{"isAttribute":false,"isHost":false,"isSelf":false,"isSkipSelf":false,"isOptional":false,"token":{"identifier":{"reference":{"__symbol":29}}}},{"isAttribute":false,"isHost":false,"isSelf":false,"isSkipSelf":false,"isOptional":false,"token":{"identifier":{"reference":{"__symbol":30}}}}],"lifecycleHooks":[]}},"useClass":{"reference":{"__symbol":27},"diDeps":[{"isAttribute":false,"isHost":false,"isSelf":false,"isSkipSelf":false,"isOptional":false,"token":{"identifier":{"reference":{"__symbol":28}}}},{"isAttribute":false,"isHost":false,"isSelf":false,"isSkipSelf":false,"isOptional":false,"token":{"identifier":{"reference":{"__symbol":29}}}},{"isAttribute":false,"isHost":false,"isSelf":false,"isSkipSelf":false,"isOptional":false,"token":{"identifier":{"reference":{"__symbol":30}}}}],"lifecycleHooks":[]},"useFactory":null,"useExisting":null,"deps":[{"isAttribute":false,"isHost":false,"isSelf":false,"isSkipSelf":false,"isOptional":false,"token":{"identifier":{"reference":{"__symbol":28}}}},{"isAttribute":false,"isHost":false,"isSelf":false,"isSkipSelf":false,"isOptional":false,"token":{"identifier":{"reference":{"__symbol":29}}}},{"isAttribute":false,"isHost":false,"isSelf":false,"isSkipSelf":false,"isOptional":false,"token":{"identifier":{"reference":{"__symbol":30}}}}],"multi":false},"module":{"reference":{"__symbol":21},"diDeps":[],"lifecycleHooks":[]}},{"provider":{"token":{"identifier":{"reference":{"__symbol":30},"diDeps":[{"isAttribute":false,"isHost":false,"isSelf":false,"isSkipSelf":false,"isOptional":false,"token":{"identifier":{"reference":{"__symbol":13}}}}],"lifecycleHooks":[]}},"useClass":{"reference":{"__symbol":30},"diDeps":[{"isAttribute":false,"isHost":false,"isSelf":false,"isSkipSelf":false,"isOptional":false,"token":{"identifier":{"reference":{"__symbol":13}}}}],"lifecycleHooks":[]},"useFactory":null,"useExisting":null,"deps":[{"isAttribute":false,"isHost":false,"isSelf":false,"isSkipSelf":false,"isOptional":false,"token":{"identifier":{"reference":{"__symbol":13}}}}],"multi":false},"module":{"reference":{"__symbol":21},"diDeps":[],"lifecycleHooks":[]}},{"provider":{"token":{"identifier":{"reference":{"__symbol":31}}},"useClass":null,"useFactory":{"reference":{"__symbol":32},"diDeps":[]},"useExisting":null,"deps":[],"multi":false},"module":{"reference":{"__symbol":21},"diDeps":[],"lifecycleHooks":[]}},{"provider":{"token":{"identifier":{"reference":{"__symbol":33}}},"useClass":null,"useFactory":{"reference":{"__symbol":34},"diDeps":[]},"useExisting":null,"deps":[],"multi":false},"module":{"reference":{"__symbol":21},"diDeps":[],"lifecycleHooks":[]}},{"provider":{"token":{"identifier":{"reference":{"__symbol":10}}},"useClass":null,"useFactory":{"reference":{"__symbol":35},"diDeps":[{"isAttribute":false,"isHost":false,"isSelf":false,"isSkipSelf":true,"isOptional":true,"token":{"identifier":{"reference":{"__symbol":10}}}}]},"useExisting":null,"deps":[{"isAttribute":false,"isHost":false,"isSelf":false,"isSkipSelf":true,"isOptional":true,"token":{"identifier":{"reference":{"__symbol":10}}}}],"multi":false},"module":{"reference":{"__symbol":21},"diDeps":[],"lifecycleHooks":[]}},{"provider":{"token":{"identifier":{"reference":{"__symbol":29}}},"useClass":null,"useFactory":null,"useExisting":{"identifier":{"reference":{"__symbol":36}}},"multi":false},"module":{"reference":{"__symbol":37},"diDeps":[{"isAttribute":false,"isHost":false,"isSelf":false,"isSkipSelf":true,"isOptional":true,"token":{"identifier":{"reference":{"__symbol":37}}}}],"lifecycleHooks":[]}},{"provider":{"token":{"identifier":{"reference":{"__symbol":36}}},"useClass":{"reference":{"__symbol":38},"diDeps":[],"lifecycleHooks":[]},"useFactory":null,"useExisting":null,"deps":[],"multi":false},"module":{"reference":{"__symbol":37},"diDeps":[{"isAttribute":false,"isHost":false,"isSelf":false,"isSkipSelf":true,"isOptional":true,"token":{"identifier":{"reference":{"__symbol":37}}}}],"lifecycleHooks":[]}},{"provider":{"token":{"identifier":{"reference":{"__symbol":16}}},"useClass":null,"useFactory":{"reference":{"__symbol":39},"diDeps":[]},"useExisting":null,"deps":[],"multi":false},"module":{"reference":{"__symbol":37},"diDeps":[{"isAttribute":false,"isHost":false,"isSelf":false,"isSkipSelf":true,"isOptional":true,"token":{"identifier":{"reference":{"__symbol":37}}}}],"lifecycleHooks":[]}},{"provider":{"token":{"identifier":{"reference":{"__symbol":40}}},"useClass":null,"useFactory":{"reference":{"__symbol":41},"diDeps":[]},"useExisting":null,"deps":[],"multi":false},"module":{"reference":{"__symbol":37},"diDeps":[{"isAttribute":false,"isHost":false,"isSelf":false,"isSkipSelf":true,"isOptional":true,"token":{"identifier":{"reference":{"__symbol":37}}}}],"lifecycleHooks":[]}},{"provider":{"token":{"identifier":{"reference":{"__symbol":42}}},"useClass":{"reference":{"__symbol":43},"diDeps":[],"lifecycleHooks":[]},"useFactory":null,"useExisting":null,"deps":[],"multi":true},"module":{"reference":{"__symbol":37},"diDeps":[{"isAttribute":false,"isHost":false,"isSelf":false,"isSkipSelf":true,"isOptional":true,"token":{"identifier":{"reference":{"__symbol":37}}}}],"lifecycleHooks":[]}},{"provider":{"token":{"identifier":{"reference":{"__symbol":42}}},"useClass":{"reference":{"__symbol":44},"diDeps":[],"lifecycleHooks":[]},"useFactory":null,"useExisting":null,"deps":[],"multi":true},"module":{"reference":{"__symbol":37},"diDeps":[{"isAttribute":false,"isHost":false,"isSelf":false,"isSkipSelf":true,"isOptional":true,"token":{"identifier":{"reference":{"__symbol":37}}}}],"lifecycleHooks":[]}},{"provider":{"token":{"identifier":{"reference":{"__symbol":42}}},"useClass":{"reference":{"__symbol":45},"diDeps":[{"isAttribute":false,"isHost":false,"isSelf":false,"isSkipSelf":false,"isOptional":false,"token":{"identifier":{"reference":{"__symbol":46}}}}],"lifecycleHooks":[]},"useFactory":null,"useExisting":null,"deps":[{"isAttribute":false,"isHost":false,"isSelf":false,"isSkipSelf":false,"isOptional":false,"token":{"identifier":{"reference":{"__symbol":46}}}}],"multi":true},"module":{"reference":{"__symbol":37},"diDeps":[{"isAttribute":false,"isHost":false,"isSelf":false,"isSkipSelf":true,"isOptional":true,"token":{"identifier":{"reference":{"__symbol":37}}}}],"lifecycleHooks":[]}},{"provider":{"token":{"identifier":{"reference":{"__symbol":46}}},"useClass":{"reference":{"__symbol":47},"diDeps":[],"lifecycleHooks":[]},"useFactory":null,"useExisting":null,"deps":[],"multi":false},"module":{"reference":{"__symbol":37},"diDeps":[{"isAttribute":false,"isHost":false,"isSelf":false,"isSkipSelf":true,"isOptional":true,"token":{"identifier":{"reference":{"__symbol":37}}}}],"lifecycleHooks":[]}},{"provider":{"token":{"identifier":{"reference":{"__symbol":48}}},"useClass":{"reference":{"__symbol":49},"diDeps":[{"isAttribute":false,"isHost":false,"isSelf":false,"isSkipSelf":false,"isOptional":false,"token":{"identifier":{"reference":{"__symbol":40}}}},{"isAttribute":false,"isHost":false,"isSelf":false,"isSkipSelf":false,"isOptional":false,"token":{"identifier":{"reference":{"__symbol":50}}}},{"isAttribute":false,"isHost":false,"isSelf":false,"isSkipSelf":false,"isOptional":false,"token":{"identifier":{"reference":{"__symbol":51}}}},{"isAttribute":false,"isHost":false,"isSelf":false,"isSkipSelf":false,"isOptional":false,"token":{"identifier":{"reference":{"__symbol":52}}}},{"isAttribute":false,"isHost":false,"isSelf":false,"isSkipSelf":false,"isOptional":false,"token":{"identifier":{"reference":{"__symbol":25}}}}],"lifecycleHooks":[]},"useFactory":null,"useExisting":null,"deps":[{"isAttribute":false,"isHost":false,"isSelf":false,"isSkipSelf":false,"isOptional":false,"token":{"identifier":{"reference":{"__symbol":40}}}},{"isAttribute":false,"isHost":false,"isSelf":false,"isSkipSelf":false,"isOptional":false,"token":{"identifier":{"reference":{"__symbol":50}}}},{"isAttribute":false,"isHost":false,"isSelf":false,"isSkipSelf":false,"isOptional":false,"token":{"identifier":{"reference":{"__symbol":51}}}},{"isAttribute":false,"isHost":false,"isSelf":false,"isSkipSelf":false,"isOptional":false,"token":{"identifier":{"reference":{"__symbol":52}}}},{"isAttribute":false,"isHost":false,"isSelf":false,"isSkipSelf":false,"isOptional":false,"token":{"identifier":{"reference":{"__symbol":25}}}}],"multi":false},"module":{"reference":{"__symbol":37},"diDeps":[{"isAttribute":false,"isHost":false,"isSelf":false,"isSkipSelf":true,"isOptional":true,"token":{"identifier":{"reference":{"__symbol":37}}}}],"lifecycleHooks":[]}},{"provider":{"token":{"identifier":{"reference":{"__symbol":28}}},"useClass":null,"useFactory":null,"useExisting":{"identifier":{"reference":{"__symbol":48}}},"multi":false},"module":{"reference":{"__symbol":37},"diDeps":[{"isAttribute":false,"isHost":false,"isSelf":false,"isSkipSelf":true,"isOptional":true,"token":{"identifier":{"reference":{"__symbol":37}}}}],"lifecycleHooks":[]}},{"provider":{"token":{"identifier":{"reference":{"__symbol":53}}},"useClass":null,"useFactory":null,"useExisting":{"identifier":{"reference":{"__symbol":51}}},"multi":false},"module":{"reference":{"__symbol":37},"diDeps":[{"isAttribute":false,"isHost":false,"isSelf":false,"isSkipSelf":true,"isOptional":true,"token":{"identifier":{"reference":{"__symbol":37}}}}],"lifecycleHooks":[]}},{"provider":{"token":{"identifier":{"reference":{"__symbol":52}}},"useClass":null,"useFactory":{"reference":{"__symbol":54},"diDeps":[]},"useExisting":null,"deps":[],"multi":false},"module":{"reference":{"__symbol":37},"diDeps":[{"isAttribute":false,"isHost":false,"isSelf":false,"isSkipSelf":true,"isOptional":true,"token":{"identifier":{"reference":{"__symbol":37}}}}],"lifecycleHooks":[]}},{"provider":{"token":{"identifier":{"reference":{"__symbol":51},"diDeps":[{"isAttribute":false,"isHost":false,"isSelf":false,"isSkipSelf":false,"isOptional":false,"token":{"identifier":{"reference":{"__symbol":40}}}}],"lifecycleHooks":[1]}},"useClass":{"reference":{"__symbol":51},"diDeps":[{"isAttribute":false,"isHost":false,"isSelf":false,"isSkipSelf":false,"isOptional":false,"token":{"identifier":{"reference":{"__symbol":40}}}}],"lifecycleHooks":[1]},"useFactory":null,"useExisting":null,"deps":[{"isAttribute":false,"isHost":false,"isSelf":false,"isSkipSelf":false,"isOptional":false,"token":{"identifier":{"reference":{"__symbol":40}}}}],"multi":false},"module":{"reference":{"__symbol":37},"diDeps":[{"isAttribute":false,"isHost":false,"isSelf":false,"isSkipSelf":true,"isOptional":true,"token":{"identifier":{"reference":{"__symbol":37}}}}],"lifecycleHooks":[]}},{"provider":{"token":{"identifier":{"reference":{"__symbol":20},"diDeps":[{"isAttribute":false,"isHost":false,"isSelf":false,"isSkipSelf":false,"isOptional":false,"token":{"identifier":{"reference":{"__symbol":13}}}}],"lifecycleHooks":[]}},"useClass":{"reference":{"__symbol":20},"diDeps":[{"isAttribute":false,"isHost":false,"isSelf":false,"isSkipSelf":false,"isOptional":false,"token":{"identifier":{"reference":{"__symbol":13}}}}],"lifecycleHooks":[]},"useFactory":null,"useExisting":null,"deps":[{"isAttribute":false,"isHost":false,"isSelf":false,"isSkipSelf":false,"isOptional":false,"token":{"identifier":{"reference":{"__symbol":13}}}}],"multi":false},"module":{"reference":{"__symbol":37},"diDeps":[{"isAttribute":false,"isHost":false,"isSelf":false,"isSkipSelf":true,"isOptional":true,"token":{"identifier":{"reference":{"__symbol":37}}}}],"lifecycleHooks":[]}},{"provider":{"token":{"identifier":{"reference":{"__symbol":50},"diDeps":[{"isAttribute":false,"isHost":false,"isSelf":false,"isSkipSelf":false,"isOptional":false,"token":{"identifier":{"reference":{"__symbol":42}}}},{"isAttribute":false,"isHost":false,"isSelf":false,"isSkipSelf":false,"isOptional":false,"token":{"identifier":{"reference":{"__symbol":13}}}}],"lifecycleHooks":[]}},"useClass":{"reference":{"__symbol":50},"diDeps":[{"isAttribute":false,"isHost":false,"isSelf":false,"isSkipSelf":false,"isOptional":false,"token":{"identifier":{"reference":{"__symbol":42}}}},{"isAttribute":false,"isHost":false,"isSelf":false,"isSkipSelf":false,"isOptional":false,"token":{"identifier":{"reference":{"__symbol":13}}}}],"lifecycleHooks":[]},"useFactory":null,"useExisting":null,"deps":[{"isAttribute":false,"isHost":false,"isSelf":false,"isSkipSelf":false,"isOptional":false,"token":{"identifier":{"reference":{"__symbol":42}}}},{"isAttribute":false,"isHost":false,"isSelf":false,"isSkipSelf":false,"isOptional":false,"token":{"identifier":{"reference":{"__symbol":13}}}}],"multi":false},"module":{"reference":{"__symbol":37},"diDeps":[{"isAttribute":false,"isHost":false,"isSelf":false,"isSkipSelf":true,"isOptional":true,"token":{"identifier":{"reference":{"__symbol":37}}}}],"lifecycleHooks":[]}},{"provider":{"token":{"identifier":{"reference":{"__symbol":28}}},"useClass":null,"useFactory":{"reference":{"__symbol":55},"diDeps":[{"isAttribute":false,"isHost":false,"isSelf":false,"isSkipSelf":false,"isOptional":false,"token":{"identifier":{"reference":{"__symbol":48}}}},{"isAttribute":false,"isHost":false,"isSelf":false,"isSkipSelf":false,"isOptional":true,"token":{"identifier":{"reference":{"__symbol":56}}}},{"isAttribute":false,"isHost":false,"isSelf":false,"isSkipSelf":false,"isOptional":true,"token":{"identifier":{"reference":{"__symbol":57}}}}]},"useExisting":null,"deps":[{"isAttribute":false,"isHost":false,"isSelf":false,"isSkipSelf":false,"isOptional":false,"token":{"identifier":{"reference":{"__symbol":48}}}},{"isAttribute":false,"isHost":false,"isSelf":false,"isSkipSelf":false,"isOptional":true,"token":{"identifier":{"reference":{"__symbol":56}}}},{"isAttribute":false,"isHost":false,"isSelf":false,"isSkipSelf":false,"isOptional":true,"token":{"identifier":{"reference":{"__symbol":57}}}}],"multi":false},"module":{"reference":{"__symbol":37},"diDeps":[{"isAttribute":false,"isHost":false,"isSelf":false,"isSkipSelf":true,"isOptional":true,"token":{"identifier":{"reference":{"__symbol":37}}}}],"lifecycleHooks":[]}},{"provider":{"token":{"identifier":{"reference":{"__symbol":58},"diDeps":[],"lifecycleHooks":[]}},"useClass":{"reference":{"__symbol":58},"diDeps":[],"lifecycleHooks":[]},"useFactory":null,"useExisting":null,"deps":[],"multi":false},"module":{"reference":{"__symbol":37},"diDeps":[{"isAttribute":false,"isHost":false,"isSelf":false,"isSkipSelf":true,"isOptional":true,"token":{"identifier":{"reference":{"__symbol":37}}}}],"lifecycleHooks":[]}},{"provider":{"token":{"identifier":{"reference":{"__symbol":59},"diDeps":[],"lifecycleHooks":[]}},"useClass":{"reference":{"__symbol":59},"diDeps":[],"lifecycleHooks":[]},"useFactory":null,"useExisting":null,"deps":[],"multi":false},"module":{"reference":{"__symbol":60},"diDeps":[],"lifecycleHooks":[]}},{"provider":{"token":{"identifier":{"reference":{"__symbol":61},"diDeps":[],"lifecycleHooks":[]}},"useClass":{"reference":{"__symbol":61},"diDeps":[],"lifecycleHooks":[]},"useFactory":null,"useExisting":null,"deps":[],"multi":false},"module":{"reference":{"__symbol":62},"diDeps":[],"lifecycleHooks":[]}},{"provider":{"token":{"identifier":{"reference":{"__symbol":59},"diDeps":[],"lifecycleHooks":[]}},"useClass":{"reference":{"__symbol":59},"diDeps":[],"lifecycleHooks":[]},"useFactory":null,"useExisting":null,"deps":[],"multi":false},"module":{"reference":{"__symbol":62},"diDeps":[],"lifecycleHooks":[]}},{"provider":{"token":{"identifier":{"reference":{"__symbol":63}}},"useClass":null,"useFactory":{"reference":{"__symbol":64},"diDeps":[{"isAttribute":false,"isHost":false,"isSelf":false,"isSkipSelf":false,"isOptional":false,"token":{"identifier":{"reference":{"__symbol":65}}}},{"isAttribute":false,"isHost":false,"isSelf":false,"isSkipSelf":false,"isOptional":false,"token":{"identifier":{"reference":{"__symbol":66}}}}]},"useExisting":null,"deps":[{"isAttribute":false,"isHost":false,"isSelf":false,"isSkipSelf":false,"isOptional":false,"token":{"identifier":{"reference":{"__symbol":65}}}},{"isAttribute":false,"isHost":false,"isSelf":false,"isSkipSelf":false,"isOptional":false,"token":{"identifier":{"reference":{"__symbol":66}}}}],"multi":false},"module":{"reference":{"__symbol":67},"diDeps":[],"lifecycleHooks":[]}},{"provider":{"token":{"identifier":{"reference":{"__symbol":68},"diDeps":[],"lifecycleHooks":[]}},"useClass":{"reference":{"__symbol":68},"diDeps":[],"lifecycleHooks":[]},"useFactory":null,"useExisting":null,"deps":[],"multi":false},"module":{"reference":{"__symbol":67},"diDeps":[],"lifecycleHooks":[]}},{"provider":{"token":{"identifier":{"reference":{"__symbol":66}}},"useClass":{"reference":{"__symbol":69},"diDeps":[],"lifecycleHooks":[]},"useFactory":null,"useExisting":null,"deps":[],"multi":false},"module":{"reference":{"__symbol":67},"diDeps":[],"lifecycleHooks":[]}},{"provider":{"token":{"identifier":{"reference":{"__symbol":70}}},"useClass":{"reference":{"__symbol":71},"diDeps":[],"lifecycleHooks":[]},"useFactory":null,"useExisting":null,"deps":[],"multi":false},"module":{"reference":{"__symbol":67},"diDeps":[],"lifecycleHooks":[]}},{"provider":{"token":{"identifier":{"reference":{"__symbol":65},"diDeps":[{"isAttribute":false,"isHost":false,"isSelf":false,"isSkipSelf":false,"isOptional":false,"token":{"identifier":{"reference":{"__symbol":68}}}},{"isAttribute":false,"isHost":false,"isSelf":false,"isSkipSelf":false,"isOptional":false,"token":{"identifier":{"reference":{"__symbol":70}}}},{"isAttribute":false,"isHost":false,"isSelf":false,"isSkipSelf":false,"isOptional":false,"token":{"identifier":{"reference":{"__symbol":72}}}}],"lifecycleHooks":[]}},"useClass":{"reference":{"__symbol":65},"diDeps":[{"isAttribute":false,"isHost":false,"isSelf":false,"isSkipSelf":false,"isOptional":false,"token":{"identifier":{"reference":{"__symbol":68}}}},{"isAttribute":false,"isHost":false,"isSelf":false,"isSkipSelf":false,"isOptional":false,"token":{"identifier":{"reference":{"__symbol":70}}}},{"isAttribute":false,"isHost":false,"isSelf":false,"isSkipSelf":false,"isOptional":false,"token":{"identifier":{"reference":{"__symbol":72}}}}],"lifecycleHooks":[]},"useFactory":null,"useExisting":null,"deps":[{"isAttribute":false,"isHost":false,"isSelf":false,"isSkipSelf":false,"isOptional":false,"token":{"identifier":{"reference":{"__symbol":68}}}},{"isAttribute":false,"isHost":false,"isSelf":false,"isSkipSelf":false,"isOptional":false,"token":{"identifier":{"reference":{"__symbol":70}}}},{"isAttribute":false,"isHost":false,"isSelf":false,"isSkipSelf":false,"isOptional":false,"token":{"identifier":{"reference":{"__symbol":72}}}}],"multi":false},"module":{"reference":{"__symbol":67},"diDeps":[],"lifecycleHooks":[]}},{"provider":{"token":{"identifier":{"reference":{"__symbol":72}}},"useClass":null,"useFactory":{"reference":{"__symbol":73},"diDeps":[]},"useExisting":null,"deps":[],"multi":false},"module":{"reference":{"__symbol":67},"diDeps":[],"lifecycleHooks":[]}},{"provider":{"token":{"identifier":{"reference":{"__symbol":74},"diDeps":[{"isAttribute":false,"isHost":false,"isSelf":false,"isSkipSelf":false,"isOptional":false,"token":{"identifier":{"reference":{"__symbol":75}}}}],"lifecycleHooks":[]}},"useClass":{"reference":{"__symbol":74},"diDeps":[{"isAttribute":false,"isHost":false,"isSelf":false,"isSkipSelf":false,"isOptional":false,"token":{"identifier":{"reference":{"__symbol":75}}}}],"lifecycleHooks":[]},"useFactory":null,"useExisting":null,"deps":[{"isAttribute":false,"isHost":false,"isSelf":false,"isSkipSelf":false,"isOptional":false,"token":{"identifier":{"reference":{"__symbol":75}}}}],"multi":false},"module":{"reference":{"__symbol":0},"diDeps":[],"lifecycleHooks":[]}},{"provider":{"token":{"identifier":{"reference":{"__symbol":76}}},"useClass":{"reference":{"__symbol":77},"diDeps":[],"lifecycleHooks":[]},"useFactory":null,"useExisting":null,"deps":[],"multi":false},"module":{"reference":{"__symbol":0},"diDeps":[],"lifecycleHooks":[]}},{"provider":{"token":{"identifier":{"reference":{"__symbol":78}}},"useClass":null,"useFactory":{"reference":{"__symbol":79},"diDeps":[{"isAttribute":false,"isHost":false,"isSelf":false,"isSkipSelf":false,"isOptional":false,"token":{"identifier":{"reference":{"__symbol":22}}}},{"isAttribute":false,"isHost":false,"isSelf":false,"isSkipSelf":false,"isOptional":false,"token":{"identifier":{"reference":{"__symbol":76}}}},{"isAttribute":false,"isHost":false,"isSelf":false,"isSkipSelf":false,"isOptional":false,"token":{"identifier":{"reference":{"__symbol":80}}}},{"isAttribute":false,"isHost":false,"isSelf":false,"isSkipSelf":false,"isOptional":false,"token":{"identifier":{"reference":{"__symbol":74}}}},{"isAttribute":false,"isHost":false,"isSelf":false,"isSkipSelf":false,"isOptional":false,"token":{"identifier":{"reference":{"__symbol":15}}}},{"isAttribute":false,"isHost":false,"isSelf":false,"isSkipSelf":false,"isOptional":false,"token":{"identifier":{"reference":{"__symbol":81}}}},{"isAttribute":false,"isHost":false,"isSelf":false,"isSkipSelf":false,"isOptional":false,"token":{"identifier":{"reference":{"__symbol":24}}}},{"isAttribute":false,"isHost":false,"isSelf":false,"isSkipSelf":false,"isOptional":false,"token":{"identifier":{"reference":{"__symbol":82}}}},{"isAttribute":false,"isHost":false,"isSelf":false,"isSkipSelf":false,"isOptional":false,"token":{"identifier":{"reference":{"__symbol":83}}}},{"isAttribute":false,"isHost":false,"isSelf":false,"isSkipSelf":false,"isOptional":true,"token":{"identifier":{"reference":{"__symbol":84}}}},{"isAttribute":false,"isHost":false,"isSelf":false,"isSkipSelf":false,"isOptional":true,"token":{"identifier":{"reference":{"__symbol":85}}}}]},"useExisting":null,"deps":[{"isAttribute":false,"isHost":false,"isSelf":false,"isSkipSelf":false,"isOptional":false,"token":{"identifier":{"reference":{"__symbol":22}}}},{"isAttribute":false,"isHost":false,"isSelf":false,"isSkipSelf":false,"isOptional":false,"token":{"identifier":{"reference":{"__symbol":76}}}},{"isAttribute":false,"isHost":false,"isSelf":false,"isSkipSelf":false,"isOptional":false,"token":{"identifier":{"reference":{"__symbol":80}}}},{"isAttribute":false,"isHost":false,"isSelf":false,"isSkipSelf":false,"isOptional":false,"token":{"identifier":{"reference":{"__symbol":74}}}},{"isAttribute":false,"isHost":false,"isSelf":false,"isSkipSelf":false,"isOptional":false,"token":{"identifier":{"reference":{"__symbol":15}}}},{"isAttribute":false,"isHost":false,"isSelf":false,"isSkipSelf":false,"isOptional":false,"token":{"identifier":{"reference":{"__symbol":81}}}},{"isAttribute":false,"isHost":false,"isSelf":false,"isSkipSelf":false,"isOptional":false,"token":{"identifier":{"reference":{"__symbol":24}}}},{"isAttribute":false,"isHost":false,"isSelf":false,"isSkipSelf":false,"isOptional":false,"token":{"identifier":{"reference":{"__symbol":82}}}},{"isAttribute":false,"isHost":false,"isSelf":false,"isSkipSelf":false,"isOptional":false,"token":{"identifier":{"reference":{"__symbol":83}}}},{"isAttribute":false,"isHost":false,"isSelf":false,"isSkipSelf":false,"isOptional":true,"token":{"identifier":{"reference":{"__symbol":84}}}},{"isAttribute":false,"isHost":false,"isSelf":false,"isSkipSelf":false,"isOptional":true,"token":{"identifier":{"reference":{"__symbol":85}}}}],"multi":false},"module":{"reference":{"__symbol":0},"diDeps":[],"lifecycleHooks":[]}},{"provider":{"token":{"identifier":{"reference":{"__symbol":80},"diDeps":[],"lifecycleHooks":[]}},"useClass":{"reference":{"__symbol":80},"diDeps":[],"lifecycleHooks":[]},"useFactory":null,"useExisting":null,"deps":[],"multi":false},"module":{"reference":{"__symbol":0},"diDeps":[],"lifecycleHooks":[]}},{"provider":{"token":{"identifier":{"reference":{"__symbol":86}}},"useClass":null,"useFactory":{"reference":{"__symbol":87},"diDeps":[{"isAttribute":false,"isHost":false,"isSelf":false,"isSkipSelf":false,"isOptional":false,"token":{"identifier":{"reference":{"__symbol":78}}}}]},"useExisting":null,"deps":[{"isAttribute":false,"isHost":false,"isSelf":false,"isSkipSelf":false,"isOptional":false,"token":{"identifier":{"reference":{"__symbol":78}}}}],"multi":false},"module":{"reference":{"__symbol":0},"diDeps":[],"lifecycleHooks":[]}},{"provider":{"token":{"identifier":{"reference":{"__symbol":81}}},"useClass":{"reference":{"__symbol":88},"diDeps":[{"isAttribute":false,"isHost":false,"isSelf":false,"isSkipSelf":false,"isOptional":false,"token":{"identifier":{"reference":{"__symbol":24}}}},{"isAttribute":false,"isHost":false,"isSelf":false,"isSkipSelf":false,"isOptional":true,"token":{"identifier":{"reference":{"__symbol":89}}}}],"lifecycleHooks":[]},"useFactory":null,"useExisting":null,"deps":[{"isAttribute":false,"isHost":false,"isSelf":false,"isSkipSelf":false,"isOptional":false,"token":{"identifier":{"reference":{"__symbol":24}}}},{"isAttribute":false,"isHost":false,"isSelf":false,"isSkipSelf":false,"isOptional":true,"token":{"identifier":{"reference":{"__symbol":89}}}}],"multi":false},"module":{"reference":{"__symbol":0},"diDeps":[],"lifecycleHooks":[]}},{"provider":{"token":{"identifier":{"reference":{"__symbol":90},"diDeps":[{"isAttribute":false,"isHost":false,"isSelf":false,"isSkipSelf":false,"isOptional":false,"token":{"identifier":{"reference":{"__symbol":78}}}},{"isAttribute":false,"isHost":false,"isSelf":false,"isSkipSelf":false,"isOptional":false,"token":{"identifier":{"reference":{"__symbol":81}}}},{"isAttribute":false,"isHost":false,"isSelf":false,"isSkipSelf":false,"isOptional":false,"token":{"identifier":{"reference":{"__symbol":24}}}},{"isAttribute":false,"isHost":false,"isSelf":false,"isSkipSelf":false,"isOptional":false,"token":{"identifier":{"reference":{"__symbol":15}}}},{"isAttribute":false,"isHost":false,"isSelf":false,"isSkipSelf":false,"isOptional":false,"token":{"identifier":{"reference":{"__symbol":91}}}}],"lifecycleHooks":[1]}},"useClass":{"reference":{"__symbol":90},"diDeps":[{"isAttribute":false,"isHost":false,"isSelf":false,"isSkipSelf":false,"isOptional":false,"token":{"identifier":{"reference":{"__symbol":78}}}},{"isAttribute":false,"isHost":false,"isSelf":false,"isSkipSelf":false,"isOptional":false,"token":{"identifier":{"reference":{"__symbol":81}}}},{"isAttribute":false,"isHost":false,"isSelf":false,"isSkipSelf":false,"isOptional":false,"token":{"identifier":{"reference":{"__symbol":24}}}},{"isAttribute":false,"isHost":false,"isSelf":false,"isSkipSelf":false,"isOptional":false,"token":{"identifier":{"reference":{"__symbol":15}}}},{"isAttribute":false,"isHost":false,"isSelf":false,"isSkipSelf":false,"isOptional":false,"token":{"identifier":{"reference":{"__symbol":91}}}}],"lifecycleHooks":[1]},"useFactory":null,"useExisting":null,"deps":[{"isAttribute":false,"isHost":false,"isSelf":false,"isSkipSelf":false,"isOptional":false,"token":{"identifier":{"reference":{"__symbol":78}}}},{"isAttribute":false,"isHost":false,"isSelf":false,"isSkipSelf":false,"isOptional":false,"token":{"identifier":{"reference":{"__symbol":81}}}},{"isAttribute":false,"isHost":false,"isSelf":false,"isSkipSelf":false,"isOptional":false,"token":{"identifier":{"reference":{"__symbol":24}}}},{"isAttribute":false,"isHost":false,"isSelf":false,"isSkipSelf":false,"isOptional":false,"token":{"identifier":{"reference":{"__symbol":15}}}},{"isAttribute":false,"isHost":false,"isSelf":false,"isSkipSelf":false,"isOptional":false,"token":{"identifier":{"reference":{"__symbol":91}}}}],"multi":false},"module":{"reference":{"__symbol":0},"diDeps":[],"lifecycleHooks":[]}},{"provider":{"token":{"identifier":{"reference":{"__symbol":92},"diDeps":[],"lifecycleHooks":[]}},"useClass":{"reference":{"__symbol":92},"diDeps":[],"lifecycleHooks":[]},"useFactory":null,"useExisting":null,"deps":[],"multi":false},"module":{"reference":{"__symbol":0},"diDeps":[],"lifecycleHooks":[]}},{"provider":{"token":{"identifier":{"reference":{"__symbol":93},"diDeps":[],"lifecycleHooks":[]}},"useClass":{"reference":{"__symbol":93},"diDeps":[],"lifecycleHooks":[]},"useFactory":null,"useExisting":null,"deps":[],"multi":false},"module":{"reference":{"__symbol":0},"diDeps":[],"lifecycleHooks":[]}},{"provider":{"token":{"identifier":{"reference":{"__symbol":83}}},"useClass":null,"useValue":{"enableTracing":false},"useFactory":null,"useExisting":null,"multi":false},"module":{"reference":{"__symbol":0},"diDeps":[],"lifecycleHooks":[]}},{"provider":{"token":{"identifier":{"reference":{"__symbol":82}}},"useClass":null,"useValue":[{"path":"events/new","component":{"__symbol":2},"canDeactivate":["canDeactivateCreateEvent"]},{"path":"events/session/new","component":{"__symbol":3}},{"path":"events","component":{"__symbol":4},"resolve":{"events":{"__symbol":94}}},{"path":"events/:id","component":{"__symbol":5},"resolve":{"event":{"__symbol":95}}},{"path":"404","component":{"__symbol":6}},{"path":"","redirectTo":"/events","pathMatch":"full"},{"path":"user","loadChildren":"app/user/user.module#UserModule"}],"useFactory":null,"useExisting":null,"multi":true},"module":{"reference":{"__symbol":0},"diDeps":[],"lifecycleHooks":[]}},{"provider":{"token":{"identifier":{"reference":{"__symbol":96}}},"useClass":null,"useFactory":{"reference":{"__symbol":97},"diDeps":[{"isAttribute":false,"isHost":false,"isSelf":false,"isSkipSelf":true,"isOptional":true,"token":{"identifier":{"reference":{"__symbol":78}}}}]},"useExisting":null,"deps":[{"isAttribute":false,"isHost":false,"isSelf":false,"isSkipSelf":true,"isOptional":true,"token":{"identifier":{"reference":{"__symbol":78}}}}],"multi":false},"module":{"reference":{"__symbol":0},"diDeps":[],"lifecycleHooks":[]}},{"provider":{"token":{"identifier":{"reference":{"__symbol":83}}},"useClass":null,"useValue":{},"useFactory":null,"useExisting":null,"multi":false},"module":{"reference":{"__symbol":0},"diDeps":[],"lifecycleHooks":[]}},{"provider":{"token":{"identifier":{"reference":{"__symbol":75}}},"useClass":null,"useFactory":{"reference":{"__symbol":98},"diDeps":[{"isAttribute":false,"isHost":false,"isSelf":false,"isSkipSelf":false,"isOptional":false,"token":{"identifier":{"reference":{"__symbol":99}}}},{"isAttribute":false,"isHost":false,"isSelf":false,"isSkipSelf":false,"isOptional":true,"token":{"identifier":{"reference":{"__symbol":100}}}},{"isAttribute":false,"isHost":false,"isSelf":false,"isSkipSelf":false,"isOptional":false,"token":{"identifier":{"reference":{"__symbol":83}}}}]},"useExisting":null,"deps":[{"isAttribute":false,"isHost":false,"isSelf":false,"isSkipSelf":false,"isOptional":false,"token":{"identifier":{"reference":{"__symbol":99}}}},{"isAttribute":false,"isHost":false,"isSelf":false,"isSkipSelf":false,"isOptional":true,"token":{"identifier":{"reference":{"__symbol":100}}}},{"isAttribute":false,"isHost":false,"isSelf":false,"isSkipSelf":false,"isOptional":false,"token":{"identifier":{"reference":{"__symbol":83}}}}],"multi":false},"module":{"reference":{"__symbol":0},"diDeps":[],"lifecycleHooks":[]}},{"provider":{"token":{"identifier":{"reference":{"__symbol":91}}},"useClass":null,"useFactory":null,"useExisting":{"identifier":{"reference":{"__symbol":92}}},"multi":false},"module":{"reference":{"__symbol":0},"diDeps":[],"lifecycleHooks":[]}},{"provider":{"token":{"identifier":{"reference":{"__symbol":57}}},"useClass":null,"useFactory":{"reference":{"__symbol":101},"diDeps":[]},"useExisting":null,"deps":[],"multi":true},"module":{"reference":{"__symbol":0},"diDeps":[],"lifecycleHooks":[]}},{"provider":{"token":{"identifier":{"reference":{"__symbol":102},"diDeps":[{"isAttribute":false,"isHost":false,"isSelf":false,"isSkipSelf":false,"isOptional":false,"token":{"identifier":{"reference":{"__symbol":15}}}}],"lifecycleHooks":[]}},"useClass":{"reference":{"__symbol":102},"diDeps":[{"isAttribute":false,"isHost":false,"isSelf":false,"isSkipSelf":false,"isOptional":false,"token":{"identifier":{"reference":{"__symbol":15}}}}],"lifecycleHooks":[]},"useFactory":null,"useExisting":null,"deps":[{"isAttribute":false,"isHost":false,"isSelf":false,"isSkipSelf":false,"isOptional":false,"token":{"identifier":{"reference":{"__symbol":15}}}}],"multi":false},"module":{"reference":{"__symbol":0},"diDeps":[],"lifecycleHooks":[]}},{"provider":{"token":{"identifier":{"reference":{"__symbol":23}}},"useClass":null,"useFactory":{"reference":{"__symbol":103},"diDeps":[{"isAttribute":false,"isHost":false,"isSelf":false,"isSkipSelf":false,"isOptional":false,"token":{"identifier":{"reference":{"__symbol":102}}}}]},"useExisting":null,"deps":[{"isAttribute":false,"isHost":false,"isSelf":false,"isSkipSelf":false,"isOptional":false,"token":{"identifier":{"reference":{"__symbol":102}}}}],"multi":true},"module":{"reference":{"__symbol":0},"diDeps":[],"lifecycleHooks":[]}},{"provider":{"token":{"identifier":{"reference":{"__symbol":104}}},"useClass":null,"useFactory":{"reference":{"__symbol":105},"diDeps":[{"isAttribute":false,"isHost":false,"isSelf":false,"isSkipSelf":false,"isOptional":false,"token":{"identifier":{"reference":{"__symbol":102}}}}]},"useExisting":null,"deps":[{"isAttribute":false,"isHost":false,"isSelf":false,"isSkipSelf":false,"isOptional":false,"token":{"identifier":{"reference":{"__symbol":102}}}}],"multi":false},"module":{"reference":{"__symbol":0},"diDeps":[],"lifecycleHooks":[]}},{"provider":{"token":{"identifier":{"reference":{"__symbol":106}}},"useClass":null,"useFactory":null,"useExisting":{"identifier":{"reference":{"__symbol":104}}},"multi":true},"module":{"reference":{"__symbol":0},"diDeps":[],"lifecycleHooks":[]}},{"provider":{"token":{"identifier":{"reference":{"__symbol":107},"diDeps":[{"isAttribute":false,"isHost":false,"isSelf":false,"isSkipSelf":false,"isOptional":false,"token":{"identifier":{"reference":{"__symbol":63}}}}],"lifecycleHooks":[]}},"useClass":{"reference":{"__symbol":107},"diDeps":[{"isAttribute":false,"isHost":false,"isSelf":false,"isSkipSelf":false,"isOptional":false,"token":{"identifier":{"reference":{"__symbol":63}}}}],"lifecycleHooks":[]},"useFactory":null,"useExisting":null,"deps":[{"isAttribute":false,"isHost":false,"isSelf":false,"isSkipSelf":false,"isOptional":false,"token":{"identifier":{"reference":{"__symbol":63}}}}],"multi":false},"module":{"reference":{"__symbol":0},"diDeps":[],"lifecycleHooks":[]}},{"provider":{"token":{"identifier":{"reference":{"__symbol":108}}},"useClass":null,"useFactory":null,"useExisting":null,"multi":false},"module":{"reference":{"__symbol":0},"diDeps":[],"lifecycleHooks":[]}},{"provider":{"token":{"identifier":{"reference":{"__symbol":109}}},"useClass":null,"useFactory":null,"useExisting":null,"multi":false},"module":{"reference":{"__symbol":0},"diDeps":[],"lifecycleHooks":[]}},{"provider":{"token":{"identifier":{"reference":{"__symbol":95},"diDeps":[{"isAttribute":false,"isHost":false,"isSelf":false,"isSkipSelf":false,"isOptional":false,"token":{"identifier":{"reference":{"__symbol":107}}}}],"lifecycleHooks":[]}},"useClass":{"reference":{"__symbol":95},"diDeps":[{"isAttribute":false,"isHost":false,"isSelf":false,"isSkipSelf":false,"isOptional":false,"token":{"identifier":{"reference":{"__symbol":107}}}}],"lifecycleHooks":[]},"useFactory":null,"useExisting":null,"deps":[{"isAttribute":false,"isHost":false,"isSelf":false,"isSkipSelf":false,"isOptional":false,"token":{"identifier":{"reference":{"__symbol":107}}}}],"multi":false},"module":{"reference":{"__symbol":0},"diDeps":[],"lifecycleHooks":[]}},{"provider":{"token":{"identifier":{"reference":{"__symbol":94},"diDeps":[{"isAttribute":false,"isHost":false,"isSelf":false,"isSkipSelf":false,"isOptional":false,"token":{"identifier":{"reference":{"__symbol":107}}}}],"lifecycleHooks":[]}},"useClass":{"reference":{"__symbol":94},"diDeps":[{"isAttribute":false,"isHost":false,"isSelf":false,"isSkipSelf":false,"isOptional":false,"token":{"identifier":{"reference":{"__symbol":107}}}}],"lifecycleHooks":[]},"useFactory":null,"useExisting":null,"deps":[{"isAttribute":false,"isHost":false,"isSelf":false,"isSkipSelf":false,"isOptional":false,"token":{"identifier":{"reference":{"__symbol":107}}}}],"multi":false},"module":{"reference":{"__symbol":0},"diDeps":[],"lifecycleHooks":[]}},{"provider":{"token":{"identifier":{"reference":{"__symbol":110},"diDeps":[{"isAttribute":false,"isHost":false,"isSelf":false,"isSkipSelf":false,"isOptional":false,"token":{"identifier":{"reference":{"__symbol":63}}}}],"lifecycleHooks":[]}},"useClass":{"reference":{"__symbol":110},"diDeps":[{"isAttribute":false,"isHost":false,"isSelf":false,"isSkipSelf":false,"isOptional":false,"token":{"identifier":{"reference":{"__symbol":63}}}}],"lifecycleHooks":[]},"useFactory":null,"useExisting":null,"deps":[{"isAttribute":false,"isHost":false,"isSelf":false,"isSkipSelf":false,"isOptional":false,"token":{"identifier":{"reference":{"__symbol":63}}}}],"multi":false},"module":{"reference":{"__symbol":0},"diDeps":[],"lifecycleHooks":[]}},{"provider":{"token":{"identifier":{"reference":{"__symbol":111},"diDeps":[{"isAttribute":false,"isHost":false,"isSelf":false,"isSkipSelf":false,"isOptional":false,"token":{"identifier":{"reference":{"__symbol":63}}}}],"lifecycleHooks":[]}},"useClass":{"reference":{"__symbol":111},"diDeps":[{"isAttribute":false,"isHost":false,"isSelf":false,"isSkipSelf":false,"isOptional":false,"token":{"identifier":{"reference":{"__symbol":63}}}}],"lifecycleHooks":[]},"useFactory":null,"useExisting":null,"deps":[{"isAttribute":false,"isHost":false,"isSelf":false,"isSkipSelf":false,"isOptional":false,"token":{"identifier":{"reference":{"__symbol":63}}}}],"multi":false},"module":{"reference":{"__symbol":0},"diDeps":[],"lifecycleHooks":[]}},{"provider":{"token":{"value":"canDeactivateCreateEvent"},"useClass":null,"useValue":{"__symbol":1},"useFactory":null,"useExisting":null,"multi":false},"module":{"reference":{"__symbol":0},"diDeps":[],"lifecycleHooks":[]}}],"modules":[{"reference":{"__symbol":11},"diDeps":[],"lifecycleHooks":[]},{"reference":{"__symbol":21},"diDeps":[],"lifecycleHooks":[]},{"reference":{"__symbol":37},"diDeps":[{"isAttribute":false,"isHost":false,"isSelf":false,"isSkipSelf":true,"isOptional":true,"token":{"identifier":{"reference":{"__symbol":37}}}}],"lifecycleHooks":[]},{"reference":{"__symbol":112},"diDeps":[],"lifecycleHooks":[]},{"reference":{"__symbol":60},"diDeps":[],"lifecycleHooks":[]},{"reference":{"__symbol":62},"diDeps":[],"lifecycleHooks":[]},{"reference":{"__symbol":67},"diDeps":[],"lifecycleHooks":[]},{"reference":{"__symbol":113},"diDeps":[{"isAttribute":false,"isHost":false,"isSelf":false,"isSkipSelf":false,"isOptional":true,"token":{"identifier":{"reference":{"__symbol":96}}}}],"lifecycleHooks":[]},{"reference":{"__symbol":0},"diDeps":[],"lifecycleHooks":[]}],"exportedDirectives":[],"exportedPipes":[]}},{"symbol":{"__symbol":1},"metadata":{"__symbolic":"function"}}],"symbols":[{"__symbol":0,"name":"AppModule","filePath":"C:/Mohan/Angular-2/ng2-fundamentals-AOT/app/app.module.d.ts"},{"__symbol":1,"name":"checkDirtyState","filePath":"C:/Mohan/Angular-2/ng2-fundamentals-AOT/app/app.module.d.ts"},{"__symbol":2,"name":"CreateComponentEvent","filePath":"C:/Mohan/Angular-2/ng2-fundamentals-AOT/app/events/create-event.component.d.ts"},{"__symbol":3,"name":"CreateSessionComponent","filePath":"C:/Mohan/Angular-2/ng2-fundamentals-AOT/app/events/event-details/create-session.component.d.ts"},{"__symbol":4,"name":"EventListComponent","filePath":"C:/Mohan/Angular-2/ng2-fundamentals-AOT/app/events/events-list.component.d.ts"},{"__symbol":5,"name":"EventDetailsComponent","filePath":"C:/Mohan/Angular-2/ng2-fundamentals-AOT/app/events/event-details/event-details.component.d.ts"},{"__symbol":6,"name":"Error404Component","filePath":"C:/Mohan/Angular-2/ng2-fundamentals-AOT/app/errors/404.component.d.ts"},{"__symbol":7,"name":"EventsAppComponent","filePath":"C:/Mohan/Angular-2/ng2-fundamentals-AOT/app/events-app.component.d.ts"},{"__symbol":8,"name":"NgLocalization","filePath":"C:/Mohan/Angular-2/ng2-fundamentals-AOT/node_modules/@angular/common/src/localization.d.ts"},{"__symbol":9,"name":"NgLocaleLocalization","filePath":"C:/Mohan/Angular-2/ng2-fundamentals-AOT/node_modules/@angular/common/src/localization.d.ts"},{"__symbol":10,"name":"LOCALE_ID","filePath":"C:/Mohan/Angular-2/ng2-fundamentals-AOT/node_modules/@angular/core/src/i18n/tokens.d.ts"},{"__symbol":11,"name":"CommonModule","filePath":"C:/Mohan/Angular-2/ng2-fundamentals-AOT/node_modules/@angular/common/src/common_module.d.ts"},{"__symbol":12,"name":"ApplicationRef_","filePath":"C:/Mohan/Angular-2/ng2-fundamentals-AOT/node_modules/@angular/core/src/application_ref.d.ts"},{"__symbol":13,"name":"NgZone","filePath":"C:/Mohan/Angular-2/ng2-fundamentals-AOT/node_modules/@angular/core/src/zone/ng_zone.d.ts"},{"__symbol":14,"name":"Console","filePath":"C:/Mohan/Angular-2/ng2-fundamentals-AOT/node_modules/@angular/core/src/console.d.ts"},{"__symbol":15,"name":"Injector","filePath":"C:/Mohan/Angular-2/ng2-fundamentals-AOT/node_modules/@angular/core/src/di/injector.d.ts"},{"__symbol":16,"name":"ErrorHandler","filePath":"C:/Mohan/Angular-2/ng2-fundamentals-AOT/node_modules/@angular/core/src/error_handler.d.ts"},{"__symbol":17,"name":"ComponentFactoryResolver","filePath":"C:/Mohan/Angular-2/ng2-fundamentals-AOT/node_modules/@angular/core/src/linker/component_factory_resolver.d.ts"},{"__symbol":18,"name":"ApplicationInitStatus","filePath":"C:/Mohan/Angular-2/ng2-fundamentals-AOT/node_modules/@angular/core/src/application_init.d.ts"},{"__symbol":19,"name":"TestabilityRegistry","filePath":"C:/Mohan/Angular-2/ng2-fundamentals-AOT/node_modules/@angular/core/src/testability/testability.d.ts"},{"__symbol":20,"name":"Testability","filePath":"C:/Mohan/Angular-2/ng2-fundamentals-AOT/node_modules/@angular/core/src/testability/testability.d.ts"},{"__symbol":21,"name":"ApplicationModule","filePath":"C:/Mohan/Angular-2/ng2-fundamentals-AOT/node_modules/@angular/core/src/application_module.d.ts"},{"__symbol":22,"name":"ApplicationRef","filePath":"C:/Mohan/Angular-2/ng2-fundamentals-AOT/node_modules/@angular/core/src/application_ref.d.ts"},{"__symbol":23,"name":"APP_INITIALIZER","filePath":"C:/Mohan/Angular-2/ng2-fundamentals-AOT/node_modules/@angular/core/src/application_init.d.ts"},{"__symbol":24,"name":"Compiler","filePath":"C:/Mohan/Angular-2/ng2-fundamentals-AOT/node_modules/@angular/core/src/linker/compiler.d.ts"},{"__symbol":25,"name":"APP_ID","filePath":"C:/Mohan/Angular-2/ng2-fundamentals-AOT/node_modules/@angular/core/src/application_tokens.d.ts"},{"__symbol":26,"name":"_appIdRandomProviderFactory","filePath":"C:/Mohan/Angular-2/ng2-fundamentals-AOT/node_modules/@angular/core/src/application_tokens.d.ts"},{"__symbol":27,"name":"ViewUtils","filePath":"C:/Mohan/Angular-2/ng2-fundamentals-AOT/node_modules/@angular/core/src/linker/view_utils.d.ts"},{"__symbol":28,"name":"RootRenderer","filePath":"C:/Mohan/Angular-2/ng2-fundamentals-AOT/node_modules/@angular/core/src/render/api.d.ts"},{"__symbol":29,"name":"Sanitizer","filePath":"C:/Mohan/Angular-2/ng2-fundamentals-AOT/node_modules/@angular/core/src/security.d.ts"},{"__symbol":30,"name":"AnimationQueue","filePath":"C:/Mohan/Angular-2/ng2-fundamentals-AOT/node_modules/@angular/core/src/animation/animation_queue.d.ts"},{"__symbol":31,"name":"IterableDiffers","filePath":"C:/Mohan/Angular-2/ng2-fundamentals-AOT/node_modules/@angular/core/src/change_detection/differs/iterable_differs.d.ts"},{"__symbol":32,"name":"_iterableDiffersFactory","filePath":"C:/Mohan/Angular-2/ng2-fundamentals-AOT/node_modules/@angular/core/src/application_module.d.ts"},{"__symbol":33,"name":"KeyValueDiffers","filePath":"C:/Mohan/Angular-2/ng2-fundamentals-AOT/node_modules/@angular/core/src/change_detection/differs/keyvalue_differs.d.ts"},{"__symbol":34,"name":"_keyValueDiffersFactory","filePath":"C:/Mohan/Angular-2/ng2-fundamentals-AOT/node_modules/@angular/core/src/application_module.d.ts"},{"__symbol":35,"name":"_localeFactory","filePath":"C:/Mohan/Angular-2/ng2-fundamentals-AOT/node_modules/@angular/core/src/application_module.d.ts"},{"__symbol":36,"name":"DomSanitizer","filePath":"C:/Mohan/Angular-2/ng2-fundamentals-AOT/node_modules/@angular/platform-browser/src/security/dom_sanitization_service.d.ts"},{"__symbol":37,"name":"BrowserModule","filePath":"C:/Mohan/Angular-2/ng2-fundamentals-AOT/node_modules/@angular/platform-browser/src/browser.d.ts"},{"__symbol":38,"name":"DomSanitizerImpl","filePath":"C:/Mohan/Angular-2/ng2-fundamentals-AOT/node_modules/@angular/platform-browser/src/security/dom_sanitization_service.d.ts"},{"__symbol":39,"name":"errorHandler","filePath":"C:/Mohan/Angular-2/ng2-fundamentals-AOT/node_modules/@angular/platform-browser/src/browser.d.ts"},{"__symbol":40,"name":"DOCUMENT","filePath":"C:/Mohan/Angular-2/ng2-fundamentals-AOT/node_modules/@angular/platform-browser/src/dom/dom_tokens.d.ts"},{"__symbol":41,"name":"_document","filePath":"C:/Mohan/Angular-2/ng2-fundamentals-AOT/node_modules/@angular/platform-browser/src/browser.d.ts"},{"__symbol":42,"name":"EVENT_MANAGER_PLUGINS","filePath":"C:/Mohan/Angular-2/ng2-fundamentals-AOT/node_modules/@angular/platform-browser/src/dom/events/event_manager.d.ts"},{"__symbol":43,"name":"DomEventsPlugin","filePath":"C:/Mohan/Angular-2/ng2-fundamentals-AOT/node_modules/@angular/platform-browser/src/dom/events/dom_events.d.ts"},{"__symbol":44,"name":"KeyEventsPlugin","filePath":"C:/Mohan/Angular-2/ng2-fundamentals-AOT/node_modules/@angular/platform-browser/src/dom/events/key_events.d.ts"},{"__symbol":45,"name":"HammerGesturesPlugin","filePath":"C:/Mohan/Angular-2/ng2-fundamentals-AOT/node_modules/@angular/platform-browser/src/dom/events/hammer_gestures.d.ts"},{"__symbol":46,"name":"HAMMER_GESTURE_CONFIG","filePath":"C:/Mohan/Angular-2/ng2-fundamentals-AOT/node_modules/@angular/platform-browser/src/dom/events/hammer_gestures.d.ts"},{"__symbol":47,"name":"HammerGestureConfig","filePath":"C:/Mohan/Angular-2/ng2-fundamentals-AOT/node_modules/@angular/platform-browser/src/dom/events/hammer_gestures.d.ts"},{"__symbol":48,"name":"DomRootRenderer","filePath":"C:/Mohan/Angular-2/ng2-fundamentals-AOT/node_modules/@angular/platform-browser/src/dom/dom_renderer.d.ts"},{"__symbol":49,"name":"DomRootRenderer_","filePath":"C:/Mohan/Angular-2/ng2-fundamentals-AOT/node_modules/@angular/platform-browser/src/dom/dom_renderer.d.ts"},{"__symbol":50,"name":"EventManager","filePath":"C:/Mohan/Angular-2/ng2-fundamentals-AOT/node_modules/@angular/platform-browser/src/dom/events/event_manager.d.ts"},{"__symbol":51,"name":"DomSharedStylesHost","filePath":"C:/Mohan/Angular-2/ng2-fundamentals-AOT/node_modules/@angular/platform-browser/src/dom/shared_styles_host.d.ts"},{"__symbol":52,"name":"AnimationDriver","filePath":"C:/Mohan/Angular-2/ng2-fundamentals-AOT/node_modules/@angular/platform-browser/src/dom/animation_driver.d.ts"},{"__symbol":53,"name":"SharedStylesHost","filePath":"C:/Mohan/Angular-2/ng2-fundamentals-AOT/node_modules/@angular/platform-browser/src/dom/shared_styles_host.d.ts"},{"__symbol":54,"name":"_resolveDefaultAnimationDriver","filePath":"C:/Mohan/Angular-2/ng2-fundamentals-AOT/node_modules/@angular/platform-browser/src/browser.d.ts"},{"__symbol":55,"name":"_createConditionalRootRenderer","filePath":"C:/Mohan/Angular-2/ng2-fundamentals-AOT/node_modules/@angular/platform-browser/src/dom/debug/ng_probe.d.ts"},{"__symbol":56,"name":"NgProbeToken","filePath":"C:/Mohan/Angular-2/ng2-fundamentals-AOT/node_modules/@angular/platform-browser/src/dom/debug/ng_probe.d.ts"},{"__symbol":57,"name":"NgProbeToken","filePath":"C:/Mohan/Angular-2/ng2-fundamentals-AOT/node_modules/@angular/core/src/application_ref.d.ts"},{"__symbol":58,"name":"Title","filePath":"C:/Mohan/Angular-2/ng2-fundamentals-AOT/node_modules/@angular/platform-browser/src/browser/title.d.ts"},{"__symbol":59,"name":"RadioControlRegistry","filePath":"C:/Mohan/Angular-2/ng2-fundamentals-AOT/node_modules/@angular/forms/src/directives/radio_control_value_accessor.d.ts"},{"__symbol":60,"name":"FormsModule","filePath":"C:/Mohan/Angular-2/ng2-fundamentals-AOT/node_modules/@angular/forms/src/form_providers.d.ts"},{"__symbol":61,"name":"FormBuilder","filePath":"C:/Mohan/Angular-2/ng2-fundamentals-AOT/node_modules/@angular/forms/src/form_builder.d.ts"},{"__symbol":62,"name":"ReactiveFormsModule","filePath":"C:/Mohan/Angular-2/ng2-fundamentals-AOT/node_modules/@angular/forms/src/form_providers.d.ts"},{"__symbol":63,"name":"Http","filePath":"C:/Mohan/Angular-2/ng2-fundamentals-AOT/node_modules/@angular/http/src/http.d.ts"},{"__symbol":64,"name":"httpFactory","filePath":"C:/Mohan/Angular-2/ng2-fundamentals-AOT/node_modules/@angular/http/src/http_module.d.ts"},{"__symbol":65,"name":"XHRBackend","filePath":"C:/Mohan/Angular-2/ng2-fundamentals-AOT/node_modules/@angular/http/src/backends/xhr_backend.d.ts"},{"__symbol":66,"name":"RequestOptions","filePath":"C:/Mohan/Angular-2/ng2-fundamentals-AOT/node_modules/@angular/http/src/base_request_options.d.ts"},{"__symbol":67,"name":"HttpModule","filePath":"C:/Mohan/Angular-2/ng2-fundamentals-AOT/node_modules/@angular/http/src/http_module.d.ts"},{"__symbol":68,"name":"BrowserXhr","filePath":"C:/Mohan/Angular-2/ng2-fundamentals-AOT/node_modules/@angular/http/src/backends/browser_xhr.d.ts"},{"__symbol":69,"name":"BaseRequestOptions","filePath":"C:/Mohan/Angular-2/ng2-fundamentals-AOT/node_modules/@angular/http/src/base_request_options.d.ts"},{"__symbol":70,"name":"ResponseOptions","filePath":"C:/Mohan/Angular-2/ng2-fundamentals-AOT/node_modules/@angular/http/src/base_response_options.d.ts"},{"__symbol":71,"name":"BaseResponseOptions","filePath":"C:/Mohan/Angular-2/ng2-fundamentals-AOT/node_modules/@angular/http/src/base_response_options.d.ts"},{"__symbol":72,"name":"XSRFStrategy","filePath":"C:/Mohan/Angular-2/ng2-fundamentals-AOT/node_modules/@angular/http/src/interfaces.d.ts"},{"__symbol":73,"name":"_createDefaultCookieXSRFStrategy","filePath":"C:/Mohan/Angular-2/ng2-fundamentals-AOT/node_modules/@angular/http/src/http_module.d.ts"},{"__symbol":74,"name":"Location","filePath":"C:/Mohan/Angular-2/ng2-fundamentals-AOT/node_modules/@angular/common/src/location/location.d.ts"},{"__symbol":75,"name":"LocationStrategy","filePath":"C:/Mohan/Angular-2/ng2-fundamentals-AOT/node_modules/@angular/common/src/location/location_strategy.d.ts"},{"__symbol":76,"name":"UrlSerializer","filePath":"C:/Mohan/Angular-2/ng2-fundamentals-AOT/node_modules/@angular/router/src/url_tree.d.ts"},{"__symbol":77,"name":"DefaultUrlSerializer","filePath":"C:/Mohan/Angular-2/ng2-fundamentals-AOT/node_modules/@angular/router/src/url_tree.d.ts"},{"__symbol":78,"name":"Router","filePath":"C:/Mohan/Angular-2/ng2-fundamentals-AOT/node_modules/@angular/router/src/router.d.ts"},{"__symbol":79,"name":"setupRouter","filePath":"C:/Mohan/Angular-2/ng2-fundamentals-AOT/node_modules/@angular/router/src/router_module.d.ts"},{"__symbol":80,"name":"RouterOutletMap","filePath":"C:/Mohan/Angular-2/ng2-fundamentals-AOT/node_modules/@angular/router/src/router_outlet_map.d.ts"},{"__symbol":81,"name":"NgModuleFactoryLoader","filePath":"C:/Mohan/Angular-2/ng2-fundamentals-AOT/node_modules/@angular/core/src/linker/ng_module_factory_loader.d.ts"},{"__symbol":82,"name":"ROUTES","filePath":"C:/Mohan/Angular-2/ng2-fundamentals-AOT/node_modules/@angular/router/src/router_config_loader.d.ts"},{"__symbol":83,"name":"ROUTER_CONFIGURATION","filePath":"C:/Mohan/Angular-2/ng2-fundamentals-AOT/node_modules/@angular/router/src/router_module.d.ts"},{"__symbol":84,"name":"UrlHandlingStrategy","filePath":"C:/Mohan/Angular-2/ng2-fundamentals-AOT/node_modules/@angular/router/src/url_handling_strategy.d.ts"},{"__symbol":85,"name":"RouteReuseStrategy","filePath":"C:/Mohan/Angular-2/ng2-fundamentals-AOT/node_modules/@angular/router/src/route_reuse_strategy.d.ts"},{"__symbol":86,"name":"ActivatedRoute","filePath":"C:/Mohan/Angular-2/ng2-fundamentals-AOT/node_modules/@angular/router/src/router_state.d.ts"},{"__symbol":87,"name":"rootRoute","filePath":"C:/Mohan/Angular-2/ng2-fundamentals-AOT/node_modules/@angular/router/src/router_module.d.ts"},{"__symbol":88,"name":"SystemJsNgModuleLoader","filePath":"C:/Mohan/Angular-2/ng2-fundamentals-AOT/node_modules/@angular/core/src/linker/system_js_ng_module_factory_loader.d.ts"},{"__symbol":89,"name":"SystemJsNgModuleLoaderConfig","filePath":"C:/Mohan/Angular-2/ng2-fundamentals-AOT/node_modules/@angular/core/src/linker/system_js_ng_module_factory_loader.d.ts"},{"__symbol":90,"name":"RouterPreloader","filePath":"C:/Mohan/Angular-2/ng2-fundamentals-AOT/node_modules/@angular/router/src/router_preloader.d.ts"},{"__symbol":91,"name":"PreloadingStrategy","filePath":"C:/Mohan/Angular-2/ng2-fundamentals-AOT/node_modules/@angular/router/src/router_preloader.d.ts"},{"__symbol":92,"name":"NoPreloading","filePath":"C:/Mohan/Angular-2/ng2-fundamentals-AOT/node_modules/@angular/router/src/router_preloader.d.ts"},{"__symbol":93,"name":"PreloadAllModules","filePath":"C:/Mohan/Angular-2/ng2-fundamentals-AOT/node_modules/@angular/router/src/router_preloader.d.ts"},{"__symbol":94,"name":"EventListResolver","filePath":"C:/Mohan/Angular-2/ng2-fundamentals-AOT/app/events/events-list-resolver.service.d.ts"},{"__symbol":95,"name":"EventResolver","filePath":"C:/Mohan/Angular-2/ng2-fundamentals-AOT/app/events/event.resolver.service.d.ts"},{"__symbol":96,"name":"ROUTER_FORROOT_GUARD","filePath":"C:/Mohan/Angular-2/ng2-fundamentals-AOT/node_modules/@angular/router/src/router_module.d.ts"},{"__symbol":97,"name":"provideForRootGuard","filePath":"C:/Mohan/Angular-2/ng2-fundamentals-AOT/node_modules/@angular/router/src/router_module.d.ts"},{"__symbol":98,"name":"provideLocationStrategy","filePath":"C:/Mohan/Angular-2/ng2-fundamentals-AOT/node_modules/@angular/router/src/router_module.d.ts"},{"__symbol":99,"name":"PlatformLocation","filePath":"C:/Mohan/Angular-2/ng2-fundamentals-AOT/node_modules/@angular/common/src/location/platform_location.d.ts"},{"__symbol":100,"name":"APP_BASE_HREF","filePath":"C:/Mohan/Angular-2/ng2-fundamentals-AOT/node_modules/@angular/common/src/location/location_strategy.d.ts"},{"__symbol":101,"name":"routerNgProbeToken","filePath":"C:/Mohan/Angular-2/ng2-fundamentals-AOT/node_modules/@angular/router/src/router_module.d.ts"},{"__symbol":102,"name":"RouterInitializer","filePath":"C:/Mohan/Angular-2/ng2-fundamentals-AOT/node_modules/@angular/router/src/router_module.d.ts"},{"__symbol":103,"name":"getAppInitializer","filePath":"C:/Mohan/Angular-2/ng2-fundamentals-AOT/node_modules/@angular/router/src/router_module.d.ts"},{"__symbol":104,"name":"ROUTER_INITIALIZER","filePath":"C:/Mohan/Angular-2/ng2-fundamentals-AOT/node_modules/@angular/router/src/router_module.d.ts"},{"__symbol":105,"name":"getBootstrapListener","filePath":"C:/Mohan/Angular-2/ng2-fundamentals-AOT/node_modules/@angular/router/src/router_module.d.ts"},{"__symbol":106,"name":"APP_BOOTSTRAP_LISTENER","filePath":"C:/Mohan/Angular-2/ng2-fundamentals-AOT/node_modules/@angular/core/src/application_tokens.d.ts"},{"__symbol":107,"name":"EventService","filePath":"C:/Mohan/Angular-2/ng2-fundamentals-AOT/app/events/shared/event.service.d.ts"},{"__symbol":108,"name":"TOASTR_TOKEN","filePath":"C:/Mohan/Angular-2/ng2-fundamentals-AOT/app/common/toastr.service.d.ts"},{"__symbol":109,"name":"JQ_TOKEN","filePath":"C:/Mohan/Angular-2/ng2-fundamentals-AOT/app/common/jQuery.service.d.ts"},{"__symbol":110,"name":"VoterService","filePath":"C:/Mohan/Angular-2/ng2-fundamentals-AOT/app/events/event-details/voter.service.d.ts"},{"__symbol":111,"name":"AuthService","filePath":"C:/Mohan/Angular-2/ng2-fundamentals-AOT/app/user/auth.service.d.ts"},{"__symbol":112,"name":"InternalFormsSharedModule","filePath":"C:/Mohan/Angular-2/ng2-fundamentals-AOT/node_modules/@angular/forms/src/directives.d.ts"},{"__symbol":113,"name":"RouterModule","filePath":"C:/Mohan/Angular-2/ng2-fundamentals-AOT/node_modules/@angular/router/src/router_module.d.ts"}]}