{"summaries":[{"symbol":{"__symbol":0},"metadata":{"__symbolic":"class"},"type":{"summaryKind":1,"type":{"reference":{"__symbol":0},"diDeps":[{"isAttribute":false,"isHost":false,"isSelf":false,"isSkipSelf":false,"isOptional":false,"token":{"identifier":{"reference":{"__symbol":1}}}}],"lifecycleHooks":[0]},"isComponent":true,"selector":"events-app","inputs":{},"outputs":{},"hostListeners":{},"hostProperties":{},"hostAttributes":{},"providers":[],"viewProviders":[],"queries":[],"entryComponents":[],"changeDetection":1,"template":{"animations":[],"ngContentSelectors":[],"encapsulation":2}}}],"symbols":[{"__symbol":0,"name":"EventsAppComponent","filePath":"C:/Mohan/Angular-2/ng2-fundamentals-AOT/app/events-app.component.d.ts"},{"__symbol":1,"name":"AuthService","filePath":"C:/Mohan/Angular-2/ng2-fundamentals-AOT/app/user/auth.service.d.ts"}]}