{"summaries":[{"symbol":{"__symbol":0},"metadata":[{"path":"events/new","component":{"__symbol":1},"canDeactivate":["canDeactivateCreateEvent"]},{"path":"events/session/new","component":{"__symbol":2}},{"path":"events","component":{"__symbol":3},"resolve":{"events":{"__symbol":4}}},{"path":"events/:id","component":{"__symbol":5},"resolve":{"event":{"__symbol":6}}},{"path":"404","component":{"__symbol":7}},{"path":"","redirectTo":"/events","pathMatch":"full"},{"path":"user","loadChildren":"app/user/user.module#UserModule"}]}],"symbols":[{"__symbol":0,"name":"appRoutes","filePath":"C:/Mohan/Angular-2/ng2-fundamentals-AOT/app/routes.d.ts"},{"__symbol":1,"name":"CreateComponentEvent","filePath":"C:/Mohan/Angular-2/ng2-fundamentals-AOT/app/events/index.d.ts"},{"__symbol":2,"name":"CreateSessionComponent","filePath":"C:/Mohan/Angular-2/ng2-fundamentals-AOT/app/events/index.d.ts"},{"__symbol":3,"name":"EventListComponent","filePath":"C:/Mohan/Angular-2/ng2-fundamentals-AOT/app/events/index.d.ts"},{"__symbol":4,"name":"EventListResolver","filePath":"C:/Mohan/Angular-2/ng2-fundamentals-AOT/app/events/index.d.ts"},{"__symbol":5,"name":"EventDetailsComponent","filePath":"C:/Mohan/Angular-2/ng2-fundamentals-AOT/app/events/index.d.ts"},{"__symbol":6,"name":"EventResolver","filePath":"C:/Mohan/Angular-2/ng2-fundamentals-AOT/app/events/index.d.ts"},{"__symbol":7,"name":"Error404Component","filePath":"C:/Mohan/Angular-2/ng2-fundamentals-AOT/app/errors/404.component.d.ts"}]}