{"summaries":[{"symbol":{"__symbol":0},"metadata":{"__symbolic":"class"},"type":{"summaryKind":1,"type":{"reference":{"__symbol":0},"diDeps":[],"lifecycleHooks":[]},"isComponent":true,"selector":"ng-component","inputs":{},"outputs":{},"hostListeners":{},"hostProperties":{},"hostAttributes":{},"providers":[],"viewProviders":[],"queries":[],"entryComponents":[],"changeDetection":1,"template":{"animations":[],"ngContentSelectors":[],"encapsulation":0}}}],"symbols":[{"__symbol":0,"name":"Error404Component","filePath":"C:/Mohan/Angular-2/ng2-fundamentals-AOT/app/errors/404.component.d.ts"}]}