{"summaries":[{"symbol":{"__symbol":0},"metadata":{"__symbol":1}},{"symbol":{"__symbol":2},"metadata":{"__symbol":3}},{"symbol":{"__symbol":4},"metadata":{"__symbol":5}}],"symbols":[{"__symbol":0,"name":"EventService","filePath":"C:/Mohan/Angular-2/ng2-fundamentals-AOT/app/events/shared/index.d.ts"},{"__symbol":1,"name":"EventService","filePath":"C:/Mohan/Angular-2/ng2-fundamentals-AOT/app/events/shared/event.service.d.ts"},{"__symbol":2,"name":"restrictedWords","filePath":"C:/Mohan/Angular-2/ng2-fundamentals-AOT/app/events/shared/index.d.ts"},{"__symbol":3,"name":"restrictedWords","filePath":"C:/Mohan/Angular-2/ng2-fundamentals-AOT/app/events/shared/restricted-words.validator.d.ts"},{"__symbol":4,"name":"DurationPipe","filePath":"C:/Mohan/Angular-2/ng2-fundamentals-AOT/app/events/shared/index.d.ts"},{"__symbol":5,"name":"DurationPipe","filePath":"C:/Mohan/Angular-2/ng2-fundamentals-AOT/app/events/shared/duration.pipe.d.ts"}]}